"Date","Price","Open","High","Low","Vol.","Change %"
"02/21/2024","89,875.00","89,238.38","89,875.00","89,192.53","","0.71%"
"02/20/2024","89,238.38","14,982.84","90,000.00","14,982.00","","-0.29%"
"02/19/2024","89,498.00","89,548.00","89,549.00","89,548.00","","0.00%"
"02/16/2024","89,498.00","52,280.00","89,549.00","89,548.00","","496.65%"
"02/15/2024","15,000.00","15,030.00","15,032.50","15,030.00","","0.00%"
"02/14/2024","15,000.00","15,030.00","15,032.50","15,030.00","","0.00%"
"02/13/2024","15,000.00","15,030.00","15,032.50","15,030.00","","0.00%"
"02/12/2024","15,000.00","15,030.00","15,032.50","15,030.00","","0.00%"
"02/09/2024","15,000.00","15,030.00","15,032.50","15,030.00","","0.00%"
"02/08/2024","15,000.00","15,030.00","15,032.50","15,030.00","","0.00%"
"02/07/2024","15,000.00","15,030.00","15,032.50","15,030.00","","0.00%"
"02/06/2024","15,000.00","15,030.00","15,032.50","15,030.00","","0.00%"
"02/05/2024","15,000.00","15,030.00","15,030.00","15,030.00","","0.00%"
"02/02/2024","15,000.00","15,030.00","15,030.00","15,030.00","","0.00%"
"02/01/2024","15,000.00","15,030.00","15,032.50","15,030.00","","0.00%"
"01/31/2024","15,000.00","15,030.00","15,032.50","15,030.00","","0.00%"
"01/30/2024","15,000.00","15,030.00","15,032.50","15,030.00","","0.00%"
"01/29/2024","15,000.00","15,030.00","15,032.50","15,030.00","","0.00%"
"01/26/2024","15,000.00","15,030.00","15,032.50","15,030.00","","0.00%"
"01/25/2024","15,000.00","15,030.00","15,030.00","15,030.00","","0.00%"
"01/24/2024","15,000.00","15,030.00","15,032.50","15,030.00","","0.00%"
"01/23/2024","15,000.00","15,030.00","15,032.50","15,030.00","","0.00%"
"01/22/2024","15,000.00","15,030.00","15,030.00","15,030.00","","0.00%"
"01/19/2024","15,000.00","15,030.00","15,030.00","15,030.00","","0.00%"
"01/18/2024","15,000.00","15,030.00","15,030.00","15,030.00","","0.00%"
"01/17/2024","15,000.00","15,030.00","15,032.50","15,030.00","","0.00%"
"01/16/2024","15,000.00","15,030.00","15,032.50","15,030.00","","0.00%"
"01/15/2024","15,000.00","15,030.00","15,030.00","15,030.00","","0.00%"
"01/12/2024","15,000.00","15,030.00","15,035.00","15,030.00","","0.00%"
"01/11/2024","15,000.00","15,030.00","15,035.00","15,030.00","","0.00%"
"01/10/2024","15,000.00","15,030.00","15,032.50","15,030.00","","0.00%"
"01/09/2024","15,000.00","15,030.00","15,032.50","15,030.00","","0.00%"
"01/08/2024","15,000.00","15,030.00","15,032.50","15,030.00","","0.00%"
"01/05/2024","15,000.00","15,030.00","15,032.50","15,030.00","","0.00%"
"01/04/2024","15,000.00","15,030.00","15,032.50","15,030.00","","0.00%"
"01/03/2024","15,000.00","15,030.00","15,032.50","15,030.00","","0.00%"
"01/02/2024","15,000.00","15,030.00","15,035.00","15,030.00","","0.00%"
"01/01/2024","15,000.00","15,030.00","15,030.00","15,030.00","","0.00%"
"12/29/2023","15,000.00","15,035.00","15,035.00","15,030.00","","0.00%"
"12/28/2023","15,000.00","15,030.00","15,032.50","15,030.00","","0.00%"
"12/27/2023","15,000.00","15,030.00","15,035.00","15,030.00","","0.00%"
"12/26/2023","15,000.00","15,030.00","15,035.00","15,030.00","","-0.38%"
"12/25/2023","15,056.56","15,046.44","15,061.76","15,046.44","","0.38%"
"12/22/2023","15,000.00","15,030.00","15,252.50","15,030.00","","0.00%"
"12/21/2023","15,000.00","15,030.00","15,252.50","15,030.00","","0.06%"
"12/20/2023","14,991.40","15,030.00","15,252.50","15,025.70","","-0.06%"
"12/19/2023","15,000.00","15,030.00","15,035.00","15,030.00","","0.00%"
"12/18/2023","15,000.00","15,030.00","15,030.00","15,030.00","","0.00%"
"12/15/2023","15,000.00","15,030.00","15,035.00","15,030.00","","0.00%"
"12/14/2023","15,000.00","15,030.00","15,035.00","15,030.00","","0.00%"
"12/13/2023","15,000.00","15,030.00","15,035.00","15,030.00","","0.00%"
"12/12/2023","15,000.00","15,030.00","15,032.50","15,030.00","","0.00%"
"12/11/2023","15,000.00","15,030.00","15,032.50","15,030.00","","0.00%"
"12/08/2023","15,000.00","15,030.00","15,032.50","15,030.00","","0.00%"
"12/07/2023","15,000.00","15,030.00","15,035.00","15,030.00","","0.00%"
"12/06/2023","15,000.00","15,030.00","15,035.00","15,030.00","","0.00%"
"12/05/2023","15,000.00","15,035.00","15,035.00","15,030.00","","0.00%"
"12/04/2023","15,000.00","15,030.00","15,035.00","15,030.00","","0.00%"
"12/01/2023","15,000.00","15,030.00","15,035.00","15,030.00","","0.00%"
"11/30/2023","15,000.00","15,030.00","15,032.50","15,030.00","","0.00%"
"11/29/2023","15,000.00","15,030.00","15,032.50","15,030.00","","0.00%"
"11/28/2023","15,000.00","15,030.00","15,032.50","15,030.00","","0.00%"
"11/27/2023","15,000.00","15,030.00","15,032.50","15,030.00","","0.00%"
"11/24/2023","15,000.00","15,030.00","15,030.00","15,030.00","","0.00%"
"11/23/2023","15,000.00","15,030.00","15,030.00","15,030.00","","0.00%"
"11/22/2023","15,000.00","15,030.00","15,030.00","15,030.00","","0.00%"
"11/21/2023","15,000.00","15,030.00","15,035.00","15,030.00","","0.00%"
"11/20/2023","15,000.00","15,030.00","15,035.00","15,030.00","","0.00%"
"11/17/2023","15,000.00","15,030.00","15,035.00","15,030.00","","0.00%"
"11/16/2023","15,000.00","15,030.00","15,035.00","15,030.00","","0.00%"
"11/15/2023","15,000.00","15,030.00","15,035.00","15,030.00","","0.00%"
"11/14/2023","15,000.00","15,030.00","15,035.00","15,030.00","","0.00%"
"11/13/2023","15,000.00","15,030.00","15,035.00","15,030.00","","0.00%"
"11/10/2023","15,000.00","15,030.00","15,032.50","15,030.00","","0.00%"
"11/09/2023","15,000.00","15,030.00","15,035.00","15,030.00","","0.00%"
"11/08/2023","15,000.00","15,030.00","15,035.00","15,030.00","","-0.03%"
"11/07/2023","15,005.00","15,030.00","15,035.00","15,030.00","","0.03%"
"11/06/2023","15,000.00","15,030.00","15,032.50","15,030.00","","0.00%"
"11/03/2023","15,000.00","15,030.00","15,035.00","15,030.00","","0.00%"
"11/02/2023","15,000.00","15,030.00","15,032.50","15,030.00","","0.00%"
"11/01/2023","15,000.00","15,030.00","15,035.00","15,030.00","","0.00%"
"10/31/2023","15,000.00","15,030.00","15,035.00","15,030.00","","0.00%"
"10/30/2023","15,000.00","15,030.00","15,035.00","15,030.00","","0.00%"
"10/27/2023","15,000.00","15,030.00","15,035.00","15,030.00","","0.00%"
"10/26/2023","15,000.00","15,030.00","15,035.00","15,030.00","","0.00%"
"10/25/2023","15,000.00","15,030.00","15,040.30","15,025.95","","0.00%"
"10/24/2023","15,000.00","15,030.00","15,035.00","15,030.00","","0.00%"
"10/23/2023","15,000.00","15,030.00","15,032.50","15,030.00","","0.00%"
"10/20/2023","15,000.00","15,030.00","15,035.00","15,030.00","","0.00%"
"10/19/2023","15,000.00","15,030.00","15,035.00","15,030.00","","0.00%"
"10/18/2023","15,000.00","15,030.00","15,035.00","15,030.00","","-0.03%"
"10/17/2023","15,005.00","15,030.00","15,035.00","15,030.00","","0.03%"
"10/16/2023","15,000.00","15,030.00","15,030.00","15,030.00","","0.00%"
"10/13/2023","15,000.00","15,030.00","15,030.00","15,030.00","","0.00%"
"10/12/2023","15,000.00","15,030.00","15,030.00","15,030.00","","0.00%"
"10/11/2023","15,000.00","15,030.00","15,032.50","15,030.00","","0.00%"
"10/10/2023","15,000.00","15,030.00","15,035.00","15,030.00","","0.00%"
"10/09/2023","15,000.00","15,030.00","15,030.00","15,030.00","","0.00%"
"10/06/2023","15,000.00","15,030.00","15,035.00","15,030.00","","0.00%"
"10/05/2023","15,000.00","15,030.00","15,035.00","15,030.00","","0.00%"
"10/04/2023","15,000.00","15,030.00","15,032.50","15,030.00","","0.00%"
"10/03/2023","15,000.00","15,030.00","15,035.00","15,030.00","","0.00%"
"10/02/2023","15,000.00","15,030.00","15,035.00","15,030.00","","-0.03%"
"09/29/2023","15,005.00","15,030.00","15,035.00","15,030.00","","0.03%"
"09/28/2023","15,000.00","15,030.00","15,032.50","15,030.00","","0.00%"
"09/27/2023","15,000.00","15,030.00","15,032.50","15,030.00","","0.00%"
"09/26/2023","15,000.00","15,030.00","15,032.50","15,030.00","","0.00%"
"09/25/2023","15,000.00","15,030.00","15,032.50","15,030.00","","0.00%"
"09/22/2023","15,000.00","15,030.00","15,030.00","15,030.00","","0.00%"
"09/21/2023","15,000.00","15,030.00","15,035.00","15,030.00","","0.00%"
"09/20/2023","15,000.00","15,030.00","15,035.00","15,030.00","","0.00%"
"09/19/2023","15,000.00","15,030.00","15,037.50","15,030.00","","0.00%"
"09/18/2023","15,000.00","15,030.00","15,030.00","15,030.00","","0.00%"
"09/15/2023","15,000.00","15,030.00","15,037.50","15,030.00","","0.00%"
"09/14/2023","15,000.00","15,030.00","15,250.00","15,030.00","","0.00%"
"09/13/2023","15,000.00","15,030.00","15,030.00","15,030.00","","0.00%"
"09/12/2023","15,000.00","15,030.00","15,252.50","15,030.00","","0.00%"
"09/11/2023","15,000.00","15,030.00","15,252.50","15,030.00","","0.00%"
"09/08/2023","15,000.00","15,030.00","15,252.50","15,030.00","","0.00%"
"09/07/2023","15,000.00","15,030.00","15,255.00","15,030.00","","0.00%"
"09/06/2023","15,000.00","15,030.00","15,030.00","15,030.00","","0.00%"
"09/05/2023","15,000.00","15,030.00","15,030.00","15,030.00","","0.00%"
"09/04/2023","15,000.00","15,030.00","15,030.00","15,030.00","","0.00%"
"09/01/2023","15,000.00","15,030.00","15,030.00","15,030.00","","0.00%"
"08/31/2023","15,000.00","15,030.00","15,030.00","15,030.00","","0.00%"
"08/30/2023","15,000.00","15,030.00","15,030.00","15,030.00","","0.00%"
"08/29/2023","15,000.00","15,006.50","15,030.00","15,006.50","","-0.08%"
"08/28/2023","15,011.77","15,018.66","15,018.66","15,010.39","","0.08%"
"08/25/2023","15,000.00","15,010.00","15,010.00","15,010.00","","0.00%"
"08/24/2023","15,000.00","15,010.00","15,010.00","15,010.00","","0.00%"
"08/23/2023","15,000.00","15,010.00","15,010.00","15,010.00","","0.00%"
"08/22/2023","15,000.00","15,010.00","15,175.75","15,008.70","","-0.07%"
"08/21/2023","15,010.00","15,010.00","15,112.50","15,010.00","","0.07%"
"08/18/2023","15,000.00","15,010.00","15,107.50","15,010.00","","0.00%"
"08/17/2023","15,000.00","15,010.00","15,107.50","15,008.95","","0.00%"
"08/16/2023","15,000.00","15,010.00","15,010.00","15,010.00","","0.00%"
"08/15/2023","15,000.00","15,010.00","15,030.25","15,008.95","","0.00%"
"08/14/2023","15,000.00","15,010.00","15,102.50","15,010.00","","0.00%"
"08/11/2023","15,000.00","15,010.00","15,010.00","15,010.00","","0.00%"
"08/10/2023","15,000.00","15,010.00","15,010.00","15,010.00","","0.00%"
"08/09/2023","15,000.00","15,010.00","15,010.00","15,010.00","","0.00%"
"08/08/2023","15,000.00","15,010.00","15,010.00","15,010.00","","0.00%"
"08/07/2023","15,000.00","15,010.00","15,010.00","15,010.00","","0.00%"
"08/04/2023","15,000.00","15,010.00","15,010.00","15,010.00","","0.00%"
"08/03/2023","15,000.00","15,010.00","15,010.00","15,010.00","","0.00%"
"08/02/2023","15,000.00","15,010.00","15,102.50","15,010.00","","0.00%"
"08/01/2023","15,000.00","15,010.00","15,102.50","15,010.00","","0.00%"
"07/31/2023","15,000.00","15,010.00","15,110.00","15,010.00","","0.00%"
"07/28/2023","15,000.00","15,010.00","15,110.00","15,010.00","","0.00%"
"07/27/2023","15,000.00","15,010.00","15,010.00","15,010.00","","0.00%"
"07/26/2023","15,000.00","15,012.00","15,110.00","15,010.00","","-0.01%"
"07/25/2023","15,002.00","15,010.00","15,012.00","15,010.00","","0.01%"
"07/24/2023","15,000.00","15,010.00","15,107.50","15,010.00","","0.00%"
"07/21/2023","15,000.00","15,010.00","15,010.00","15,010.00","","0.10%"
"07/20/2023","14,985.00","15,010.00","15,035.50","15,002.50","","-0.10%"
"07/19/2023","15,000.00","15,010.00","15,010.00","15,010.00","","0.00%"
"07/18/2023","15,000.00","15,010.00","15,110.00","15,010.00","","0.00%"
"07/17/2023","15,000.00","15,010.00","15,110.00","15,010.00","","0.00%"
"07/14/2023","15,000.00","15,010.00","15,110.00","15,010.00","","0.00%"
"07/13/2023","15,000.00","15,010.00","15,115.00","15,010.00","","0.00%"
"07/12/2023","15,000.00","15,010.00","15,010.00","15,010.00","","0.00%"
"07/11/2023","15,000.00","15,010.00","15,100.00","15,010.00","","-0.07%"
"07/10/2023","15,010.00","15,010.00","15,110.00","15,010.00","","0.07%"
"07/07/2023","15,000.00","15,010.00","15,105.00","15,010.00","","0.00%"
"07/06/2023","15,000.00","15,010.00","15,010.00","15,010.00","","0.00%"
"07/05/2023","15,000.00","15,010.00","15,010.00","15,010.00","","0.00%"
"07/04/2023","15,000.00","15,010.00","15,010.00","15,010.00","","0.00%"
"07/03/2023","15,000.00","15,010.00","15,107.50","15,010.00","","0.00%"
"06/30/2023","15,000.00","15,010.00","15,107.50","15,010.00","","0.00%"
"06/29/2023","15,000.00","15,010.00","15,110.00","15,010.00","","0.00%"
"06/28/2023","15,000.00","15,012.60","15,020.25","15,002.50","","0.00%"
"06/27/2023","15,000.00","15,010.00","15,010.00","15,010.00","","0.00%"
"06/26/2023","15,000.00","15,010.00","15,010.00","15,010.00","","0.00%"
"06/23/2023","15,000.00","15,010.00","15,110.00","15,010.00","","0.00%"
"06/22/2023","15,000.00","15,010.00","15,115.00","15,010.00","","0.00%"
"06/21/2023","15,000.00","15,010.00","15,115.00","15,010.00","","0.00%"
"06/20/2023","15,000.00","15,010.00","15,115.00","15,010.00","","0.00%"
"06/19/2023","15,000.00","15,010.00","15,110.00","15,010.00","","0.00%"
"06/16/2023","15,000.00","15,010.00","15,010.00","15,010.00","","0.00%"
"06/15/2023","15,000.00","15,010.00","15,010.00","15,010.00","","0.00%"
"06/14/2023","15,000.00","15,110.00","15,110.00","15,010.00","","0.00%"
"06/13/2023","15,000.00","15,010.00","15,110.00","15,010.00","","0.00%"
"06/12/2023","15,000.00","15,010.00","15,110.00","15,010.00","","-0.03%"
"06/09/2023","15,005.00","15,010.00","15,110.00","15,010.00","","0.03%"
"06/08/2023","15,000.00","15,010.00","15,044.10","15,002.50","","0.00%"
"06/07/2023","15,000.00","15,010.00","15,010.00","15,010.00","","0.00%"
"06/06/2023","15,000.00","15,010.00","15,010.00","15,010.00","","0.00%"
"06/05/2023","15,000.00","15,010.00","15,108.00","15,010.00","","0.00%"
"06/02/2023","15,000.00","15,010.00","15,100.00","15,010.00","","0.00%"
"06/01/2023","15,000.00","15,010.00","15,115.00","15,010.00","","0.00%"
"05/31/2023","15,000.00","15,010.00","15,115.00","15,010.00","","0.00%"
"05/30/2023","15,000.00","15,010.00","15,115.00","15,010.00","","0.00%"
"05/29/2023","15,000.00","15,010.00","15,010.00","15,010.00","","0.00%"
"05/26/2023","15,000.00","15,010.00","15,115.00","15,010.00","","0.00%"
"05/25/2023","15,000.00","15,012.00","15,115.00","15,010.00","","-0.01%"
"05/24/2023","15,002.00","15,010.00","15,115.00","15,010.00","","0.01%"
"05/23/2023","15,000.00","15,010.00","15,117.50","15,010.00","","0.00%"
"05/22/2023","15,000.00","15,010.00","15,112.50","15,010.00","","0.00%"
"05/19/2023","15,000.00","15,010.00","15,112.50","15,010.00","","0.00%"
"05/18/2023","15,000.00","15,010.00","15,010.00","15,010.00","","0.00%"
"05/17/2023","15,000.00","15,010.00","15,010.00","15,010.00","","0.00%"
"05/16/2023","15,000.00","15,010.00","15,010.00","15,010.00","","0.00%"
"05/15/2023","15,000.00","15,010.00","15,250.00","15,010.00","","-1.64%"
"05/12/2023","15,250.00","15,010.00","15,250.00","15,010.00","","0.00%"
"05/11/2023","15,250.00","15,262.50","15,262.50","15,010.00","","1.67%"
"05/10/2023","15,000.00","15,010.00","15,010.00","15,010.00","","0.00%"
"05/09/2023","15,000.00","15,010.00","15,010.00","15,010.00","","0.00%"
"05/08/2023","15,000.00","15,010.00","15,010.00","15,010.00","","0.00%"
"05/05/2023","15,000.00","15,010.00","15,250.00","15,010.00","","0.00%"
"05/04/2023","15,000.00","15,010.00","15,250.00","15,010.00","","0.00%"
"05/03/2023","15,000.00","15,010.00","15,250.00","15,010.00","","0.00%"
"05/02/2023","15,000.00","15,010.00","15,257.50","15,010.00","","0.00%"
"05/01/2023","15,000.00","15,010.00","15,250.00","15,010.00","","0.00%"
"04/28/2023","15,000.00","15,010.00","15,250.00","15,010.00","","0.00%"
"04/27/2023","15,000.00","15,010.00","15,262.50","15,010.00","","0.00%"
"04/26/2023","15,000.00","15,010.00","15,010.00","15,010.00","","0.00%"
"04/25/2023","15,000.00","15,010.00","15,010.00","15,010.00","","0.00%"
"04/24/2023","15,000.00","15,010.00","15,010.00","15,010.00","","0.00%"
"04/21/2023","15,000.00","15,010.00","15,010.00","15,010.00","","0.00%"
"04/20/2023","15,000.00","15,010.00","15,275.00","15,010.00","","0.00%"
"04/19/2023","15,000.00","15,010.00","15,010.00","15,010.00","","0.00%"
"04/18/2023","15,000.00","15,010.00","15,275.00","15,010.00","","0.00%"
"04/17/2023","15,000.00","15,010.00","15,275.00","15,010.00","","0.00%"
"04/14/2023","15,000.00","15,010.00","15,277.50","15,010.00","","0.00%"
"04/13/2023","15,000.00","15,010.00","15,277.50","15,010.00","","0.00%"
"04/12/2023","15,000.00","15,010.00","15,250.00","15,010.00","","0.00%"
"04/11/2023","15,000.00","15,010.00","15,010.00","15,010.00","","0.00%"
"04/10/2023","15,000.00","15,010.00","15,250.00","15,006.45","","0.00%"
"04/07/2023","15,000.00","15,010.00","15,250.00","15,010.00","","0.00%"
"04/06/2023","15,000.00","15,010.00","15,250.00","15,010.00","","0.00%"
"04/05/2023","15,000.00","15,010.00","15,250.00","15,010.00","","0.00%"
"04/04/2023","15,000.00","15,010.00","15,250.00","15,010.00","","0.00%"
"04/03/2023","15,000.00","15,010.00","15,250.00","15,010.00","","0.00%"
"03/31/2023","15,000.00","15,010.00","15,010.00","15,010.00","","0.00%"
"03/30/2023","15,000.00","15,010.00","15,250.00","15,010.00","","0.00%"
"03/29/2023","15,000.00","15,010.00","15,250.00","15,010.00","","0.00%"
"03/28/2023","15,000.00","15,010.00","15,250.00","15,010.00","","0.00%"
"03/27/2023","15,000.00","15,010.00","15,250.00","15,010.00","","0.00%"
"03/24/2023","15,000.00","15,010.00","15,010.00","15,010.00","","0.00%"
"03/23/2023","15,000.00","15,010.00","15,010.00","15,010.00","","0.00%"
"03/22/2023","15,000.00","15,010.00","15,010.00","15,010.00","","0.00%"
"03/21/2023","15,000.00","15,010.00","15,010.00","15,010.00","","0.00%"
"03/20/2023","15,000.00","15,010.00","15,010.00","15,010.00","","0.00%"
"03/17/2023","15,000.00","15,010.00","15,250.00","15,010.00","","0.00%"
"03/16/2023","15,000.00","15,010.00","15,250.00","15,010.00","","0.00%"
"03/15/2023","15,000.00","15,010.00","15,250.00","15,010.00","","0.00%"
"03/14/2023","15,000.00","15,010.00","15,250.00","15,010.00","","0.00%"
"03/13/2023","15,000.00","15,010.00","15,250.00","15,010.00","","0.00%"
"03/10/2023","15,000.00","15,010.00","15,262.50","15,010.00","","0.00%"
"03/09/2023","15,000.00","15,010.00","15,262.50","15,010.00","","0.00%"
"03/08/2023","15,000.00","15,010.00","15,250.00","15,010.00","","0.00%"
"03/07/2023","15,000.00","15,010.00","15,262.50","15,010.00","","0.00%"
"03/06/2023","15,000.00","15,010.00","15,250.00","15,010.00","","0.00%"
"03/03/2023","15,000.00","15,010.00","15,262.50","15,010.00","","0.00%"
"03/02/2023","15,000.00","15,010.00","15,250.00","15,010.00","","0.00%"
"03/01/2023","15,000.00","15,010.00","15,277.50","15,010.00","","0.00%"
"02/28/2023","15,000.00","15,010.00","15,010.00","15,010.00","","0.00%"
"02/27/2023","15,000.00","15,010.00","15,010.00","15,010.00","","0.00%"
"02/24/2023","15,000.00","15,010.00","15,010.00","15,010.00","","0.00%"
"02/23/2023","15,000.00","15,010.00","15,010.00","15,010.00","","0.00%"
"02/22/2023","15,000.00","15,010.00","15,010.00","15,010.00","","0.00%"
"02/21/2023","15,000.00","15,010.00","15,280.00","15,010.00","","0.00%"
"02/20/2023","15,000.00","15,010.00","15,010.00","15,010.00","","0.00%"
"02/17/2023","15,000.00","15,010.00","15,280.00","15,010.00","","0.00%"
"02/16/2023","15,000.00","15,010.00","15,280.00","15,010.00","","0.00%"
"02/15/2023","15,000.00","15,010.00","15,280.00","15,010.00","","0.00%"
"02/14/2023","15,000.00","15,010.00","15,277.50","15,010.00","","0.00%"
"02/13/2023","15,000.00","15,010.00","15,230.00","15,010.00","","0.00%"
"02/10/2023","15,000.00","15,012.00","15,230.00","15,010.00","","-0.01%"
"02/09/2023","15,002.00","15,010.00","15,230.00","15,010.00","","0.01%"
"02/08/2023","15,000.00","15,010.00","15,230.00","15,005.00","","0.00%"
"02/07/2023","15,000.00","15,015.00","15,252.50","15,010.00","","-0.03%"
"02/06/2023","15,005.00","15,010.00","15,752.50","15,002.50","","0.03%"
"02/03/2023","15,000.00","15,010.00","15,495.00","15,002.50","","0.00%"
"02/02/2023","15,000.00","15,010.00","15,500.00","15,005.00","","0.00%"
"02/01/2023","15,000.00","1,512.20","15,500.00","1,512.20","","896.21%"
"01/31/2023","1,505.70","1,512.00","1,514.63","1,511.24","","0.01%"
"01/30/2023","1,505.50","1,512.20","1,512.20","1,512.00","","-0.01%"
"01/27/2023","1,505.70","1,512.00","1,514.55","1,511.24","","0.01%"
"01/26/2023","1,505.50","1,512.20","1,512.20","1,512.00","","-0.01%"
"01/25/2023","1,505.70","1,512.20","1,512.20","1,512.00","0.02K","0.01%"
"01/24/2023","1,505.50","1,512.20","1,512.20","1,512.00","0.03K","-0.01%"
"01/23/2023","1,505.70","1,512.20","1,514.55","1,511.24","0.02K","0.01%"
"01/20/2023","1,505.50","1,512.20","1,512.20","1,512.00","0.02K","-0.01%"
"01/19/2023","1,505.70","1,512.00","1,512.20","1,512.00","0.02K","0.01%"
"01/18/2023","1,505.50","1,512.20","1,514.55","1,511.34","0.03K","-0.01%"
"01/17/2023","1,505.70","1,512.00","1,514.55","1,511.24","0.03K","0.01%"
"01/16/2023","1,505.50","1,512.20","1,512.20","1,512.00","0.01K","-0.01%"
"01/13/2023","1,505.70","1,512.20","1,514.63","1,511.24","0.01K","0.01%"
"01/12/2023","1,505.50","1,512.20","1,512.20","1,512.00","0.02K","-0.01%"
"01/11/2023","1,505.70","1,512.00","1,514.63","1,511.24","0.02K","0.01%"
"01/10/2023","1,505.50","1,512.20","1,512.20","1,512.00","0.02K","-0.01%"
"01/09/2023","1,505.70","1,512.00","1,514.55","1,511.24","0.02K","0.01%"
"01/06/2023","1,505.50","1,512.20","1,512.20","1,512.00","0.02K","-0.01%"
"01/05/2023","1,505.70","1,512.20","1,512.20","1,512.00","0.01K","0.01%"
"01/04/2023","1,505.50","1,512.20","1,514.55","1,511.34","0.02K","-0.01%"
"01/03/2023","1,505.70","1,512.20","1,512.20","1,512.00","0.02K","0.01%"
"01/02/2023","1,505.50","1,512.00","1,512.20","1,512.00","","0.00%"
"12/30/2022","1,505.50","1,512.20","1,512.20","1,512.00","0.02K","-0.01%"
"12/29/2022","1,505.70","1,512.20","1,512.20","1,512.00","0.01K","0.01%"
"12/28/2022","1,505.50","1,512.20","1,512.20","1,512.00","0.01K","-0.01%"
"12/27/2022","1,505.70","1,512.00","1,512.20","1,512.00","0.02K","0.01%"
"12/26/2022","1,505.50","1,512.20","1,512.20","1,512.00","0.01K","-0.01%"
"12/23/2022","1,505.70","1,512.20","1,512.20","1,512.00","0.02K","0.01%"
"12/22/2022","1,505.50","1,512.20","1,512.20","1,512.00","0.02K","-0.01%"
"12/21/2022","1,505.70","1,512.20","1,512.20","1,512.00","0.02K","0.01%"
"12/20/2022","1,505.50","1,512.20","1,512.20","1,512.00","0.03K","-0.01%"
"12/19/2022","1,505.70","1,512.00","1,514.55","1,511.34","0.01K","0.01%"
"12/16/2022","1,505.50","1,512.20","1,515.57","1,512.00","0.02K","-0.01%"
"12/15/2022","1,505.70","1,512.00","1,514.55","1,511.24","0.02K","0.01%"
"12/14/2022","1,505.50","1,512.20","1,512.20","1,512.00","0.02K","-0.01%"
"12/13/2022","1,505.70","1,512.00","1,512.20","1,512.00","0.03K","0.01%"
"12/12/2022","1,505.50","1,512.20","1,512.20","1,512.00","0.03K","-0.01%"
"12/09/2022","1,505.70","1,512.20","1,512.20","1,512.00","0.04K","0.01%"
"12/08/2022","1,505.50","1,512.20","1,512.20","1,512.00","0.04K","-0.01%"
"12/07/2022","1,505.70","1,512.00","1,512.20","1,512.00","0.03K","0.01%"
"12/06/2022","1,505.50","1,512.20","1,512.20","1,512.00","0.03K","-0.01%"
"12/05/2022","1,505.70","1,512.00","1,514.55","1,511.24","0.04K","0.01%"
"12/02/2022","1,505.50","1,512.20","1,512.20","1,512.00","0.02K","-0.01%"
"12/01/2022","1,505.70","1,512.00","1,514.55","1,511.24","0.02K","0.01%"
"11/30/2022","1,505.50","1,512.20","1,514.55","1,511.24","0.01K","0.00%"
"11/29/2022","1,505.50","1,512.20","1,514.55","1,511.34","0.02K","-0.01%"
"11/28/2022","1,505.70","1,512.00","1,512.20","1,512.00","0.02K","0.01%"
"11/25/2022","1,505.50","1,512.20","1,514.55","1,511.34","0.01K","-0.01%"
"11/24/2022","1,505.70","1,512.20","1,512.20","1,512.20","","0.00%"
"11/23/2022","1,505.70","1,512.00","1,512.20","1,512.00","0.02K","0.01%"
"11/22/2022","1,505.50","1,512.20","1,512.20","1,512.00","0.01K","-0.01%"
"11/21/2022","1,505.70","1,512.00","1,514.55","1,511.24","0.02K","0.01%"
"11/18/2022","1,505.50","1,512.20","1,514.55","1,511.24","0.02K","0.00%"
"11/17/2022","1,505.50","1,512.20","1,512.20","1,512.00","0.02K","-0.01%"
"11/16/2022","1,505.70","1,512.20","1,512.20","1,512.00","0.02K","0.01%"
"11/15/2022","1,505.50","1,512.20","1,512.20","1,512.00","0.02K","-0.01%"
"11/14/2022","1,505.70","1,512.20","1,512.20","1,512.00","0.02K","0.01%"
"11/11/2022","1,505.50","1,512.20","1,512.20","1,512.00","0.01K","-0.01%"
"11/10/2022","1,505.70","1,512.00","1,512.20","1,512.00","0.02K","0.01%"
"11/09/2022","1,505.50","1,512.20","1,514.70","1,511.34","0.02K","-0.01%"
"11/08/2022","1,505.70","1,512.20","1,512.20","1,512.00","0.02K","0.01%"
"11/07/2022","1,505.50","1,512.20","1,514.63","1,511.34","0.02K","-0.01%"
"11/04/2022","1,505.70","1,512.20","1,512.20","1,512.00","0.02K","0.01%"
"11/03/2022","1,505.50","1,512.20","1,512.20","1,512.00","0.02K","-0.01%"
"11/02/2022","1,505.70","1,512.20","1,512.20","1,512.00","0.01K","0.01%"
"11/01/2022","1,505.50","1,512.20","1,512.20","1,512.00","0.02K","-0.01%"
"10/31/2022","1,505.70","1,512.00","1,512.42","1,512.00","0.02K","0.01%"
"10/28/2022","1,505.50","1,512.20","1,512.42","1,512.00","0.02K","-0.01%"
"10/27/2022","1,505.70","1,512.00","1,512.20","1,512.00","0.03K","0.01%"
"10/26/2022","1,505.50","1,512.20","1,512.40","1,512.00","0.04K","-0.01%"
"10/25/2022","1,505.70","1,512.00","1,512.20","1,512.00","0.02K","0.01%"
"10/24/2022","1,505.50","1,512.00","1,514.69","1,511.24","0.03K","0.00%"
"10/21/2022","1,505.50","1,512.20","1,512.20","1,512.00","0.01K","0.00%"
"10/20/2022","1,505.50","1,512.20","1,514.55","1,510.94","0.02K","0.04%"
"10/19/2022","1,504.90","1,510.80","1,512.20","1,510.80","0.02K","0.04%"
"10/18/2022","1,504.30","1,512.00","1,514.55","1,510.80","0.02K","-0.08%"
"10/17/2022","1,505.50","1,512.20","1,514.55","1,511.42","0.07K","-0.01%"
"10/14/2022","1,505.70","1,512.00","1,514.55","1,511.37","0.03K","0.01%"
"10/13/2022","1,505.50","1,511.70","1,512.15","1,511.70","0.01K","0.02%"
"10/12/2022","1,505.20","1,512.00","1,512.42","1,511.70","0.03K","-0.02%"
"10/11/2022","1,505.50","1,512.00","1,512.42","1,512.00","0.02K","-0.01%"
"10/10/2022","1,505.70","1,512.00","1,512.20","1,512.00","0.08K","0.01%"
"10/07/2022","1,505.50","1,512.20","1,512.20","1,512.00","0.02K","-0.01%"
"10/06/2022","1,505.70","1,512.00","1,512.20","1,512.00","0.02K","0.01%"
"10/05/2022","1,505.50","1,512.20","1,512.20","1,512.00","0.01K","-0.01%"
"10/04/2022","1,505.70","1,512.00","1,512.20","1,512.00","0.02K","0.01%"
"10/03/2022","1,505.50","1,512.20","1,512.49","1,511.87","0.01K","-0.01%"
"09/30/2022","1,505.70","1,512.20","1,512.20","1,512.00","0.02K","0.01%"
"09/29/2022","1,505.50","1,512.00","1,512.34","1,512.00","0.02K","0.00%"
"09/28/2022","1,505.50","1,512.20","1,512.20","1,512.00","0.02K","0.00%"
"09/27/2022","1,505.50","1,512.20","1,512.20","1,512.00","0.03K","-0.01%"
"09/26/2022","1,505.70","1,512.20","1,514.69","1,511.42","0.02K","0.00%"
"09/23/2022","1,505.70","1,512.20","1,514.55","1,511.42","0.03K","0.01%"
"09/22/2022","1,505.50","1,512.20","1,514.55","1,511.42","0.02K","-0.01%"
"09/21/2022","1,505.70","1,512.20","1,512.49","1,511.68","0.02K","0.01%"
"09/20/2022","1,505.50","1,512.20","1,512.20","1,511.87","0.02K","-0.01%"
"09/19/2022","1,505.70","1,512.00","1,512.42","1,512.00","0.02K","0.01%"
"09/16/2022","1,505.50","1,512.20","1,512.28","1,511.49","0.02K","-0.01%"
"09/15/2022","1,505.70","1,512.00","1,517.00","1,511.49","0.02K","0.01%"
"09/14/2022","1,505.50","1,517.00","1,517.00","1,511.24","0.02K","-0.01%"
"09/13/2022","1,505.70","1,512.00","1,517.00","1,511.24","0.02K","0.01%"
"09/12/2022","1,505.50","1,512.20","1,517.00","1,511.24","0.02K","-0.01%"
"09/09/2022","1,505.70","1,512.20","1,512.55","1,511.34","0.03K","0.01%"
"09/08/2022","1,505.50","1,512.20","1,512.20","1,512.00","0.01K","-0.01%"
"09/07/2022","1,505.70","1,512.20","1,517.00","1,511.34","0.03K","0.01%"
"09/06/2022","1,505.50","1,512.20","1,517.00","1,512.00","0.02K","-0.10%"
"09/05/2022","1,507.00","1,512.20","1,517.00","1,512.20","0.01K","0.09%"
"09/02/2022","1,505.70","1,512.20","1,517.00","1,512.00","0.02K","0.01%"
"09/01/2022","1,505.50","1,512.20","1,512.20","1,512.00","0.02K","-0.01%"
"08/31/2022","1,505.70","1,512.00","1,512.20","1,512.00","0.02K","0.01%"
"08/30/2022","1,505.50","1,512.20","1,517.00","1,512.00","0.02K","-0.01%"
"08/29/2022","1,505.70","1,512.20","1,512.20","1,512.00","0.02K","0.01%"
"08/26/2022","1,505.50","1,512.20","1,517.00","1,512.00","0.02K","-0.01%"
"08/25/2022","1,505.70","1,512.20","1,517.00","1,511.24","0.03K","0.01%"
"08/24/2022","1,505.50","1,512.20","1,517.00","1,511.34","0.02K","-0.01%"
"08/23/2022","1,505.70","1,512.20","1,512.20","1,512.00","0.01K","0.00%"
"08/22/2022","1,505.70","1,512.20","1,517.00","1,512.00","0.02K","-0.09%"
"08/19/2022","1,507.00","1,512.20","1,519.00","1,512.00","0.02K","0.09%"
"08/18/2022","1,505.70","1,512.20","1,519.00","1,512.00","0.02K","0.01%"
"08/17/2022","1,505.50","1,511.74","1,517.00","1,511.37","0.02K","-0.01%"
"08/16/2022","1,505.70","1,512.20","1,517.00","1,511.34","0.02K","0.00%"
"08/15/2022","1,505.70","1,512.20","1,512.28","1,511.49","0.02K","0.01%"
"08/12/2022","1,505.50","1,512.20","1,512.20","1,512.00","0.02K","-0.01%"
"08/11/2022","1,505.70","1,512.20","1,512.20","1,512.00","0.01K","0.01%"
"08/10/2022","1,505.50","1,512.20","1,512.20","1,512.00","0.02K","-0.01%"
"08/09/2022","1,505.70","1,512.20","1,517.00","1,511.24","0.02K","0.01%"
"08/08/2022","1,505.50","1,512.20","1,517.00","1,512.00","0.02K","-0.01%"
"08/05/2022","1,505.70","1,512.20","1,517.00","1,511.87","0.02K","0.00%"
"08/04/2022","1,505.70","1,512.20","1,517.00","1,510.49","0.01K","-0.09%"
"08/03/2022","1,507.00","1,511.67","1,517.00","1,511.49","0.01K","0.09%"
"08/02/2022","1,505.70","1,512.20","1,512.20","1,512.00","0.03K","0.01%"
"08/01/2022","1,505.50","1,512.20","1,512.28","1,511.87","0.01K","-0.01%"
"07/29/2022","1,505.70","1,512.00","1,512.28","1,511.87","0.02K","0.01%"
"07/28/2022","1,505.50","1,512.20","1,512.20","1,512.00","0.02K","-0.01%"
"07/27/2022","1,505.70","1,512.20","1,512.20","1,512.00","0.02K","0.11%"
"07/26/2022","1,503.99","1,512.20","1,512.28","1,511.24","0.02K","-0.11%"
"07/25/2022","1,505.70","1,512.20","1,512.35","1,510.59","0.02K","0.01%"
"07/22/2022","1,505.50","1,512.20","1,514.13","1,510.59","0.02K","-0.01%"
"07/21/2022","1,505.70","1,512.20","1,512.20","1,512.00","0.02K","0.01%"
"07/20/2022","1,505.50","1,512.20","1,512.20","1,512.00","0.02K","-0.01%"
"07/19/2022","1,505.70","1,512.00","1,512.20","1,512.00","0.04K","0.20%"
"07/18/2022","1,502.69","1,512.20","1,514.13","1,510.59","0.01K","-0.20%"
"07/15/2022","1,505.70","1,512.00","1,512.20","1,512.00","0.02K","0.01%"
"07/14/2022","1,505.50","1,512.20","1,512.20","1,512.00","0.02K","-0.01%"
"07/13/2022","1,505.70","1,512.00","1,512.20","1,511.24","0.02K","0.01%"
"07/12/2022","1,505.50","1,512.20","1,512.20","1,512.00","0.01K","-0.01%"
"07/11/2022","1,505.70","1,512.20","1,514.13","1,510.59","0.02K","0.00%"
"07/08/2022","1,505.70","1,512.00","1,513.63","1,511.24","0.02K","0.01%"
"07/07/2022","1,505.50","1,512.20","1,513.63","1,511.24","0.02K","-0.01%"
"07/06/2022","1,505.70","1,512.00","1,513.63","1,511.24","0.03K","0.01%"
"07/05/2022","1,505.50","1,512.20","1,512.20","1,512.00","0.02K","-0.01%"
"07/04/2022","1,505.70","1,512.20","1,512.20","1,512.20","","0.00%"
"07/01/2022","1,505.70","1,512.20","1,512.20","1,512.00","0.02K","0.01%"
"06/30/2022","1,505.50","1,512.20","1,512.20","1,512.00","0.02K","-0.01%"
"06/29/2022","1,505.70","1,512.20","1,513.38","1,511.34","0.03K","0.01%"
"06/28/2022","1,505.50","1,512.20","1,512.30","1,511.34","0.02K","-0.01%"
"06/27/2022","1,505.70","1,512.00","1,517.00","1,511.34","0.02K","-0.09%"
"06/24/2022","1,507.00","1,512.20","1,517.00","1,512.00","0.01K","0.09%"
"06/23/2022","1,505.70","1,512.20","1,517.00","1,511.24","0.02K","0.01%"
"06/22/2022","1,505.50","1,512.20","1,517.00","1,510.49","0.02K","-0.01%"
"06/21/2022","1,505.70","1,512.20","1,517.00","1,510.49","0.03K","0.01%"
"06/20/2022","1,505.50","1,512.20","1,512.20","1,512.00","","0.00%"
"06/17/2022","1,505.50","1,512.20","1,512.80","1,511.34","0.02K","-0.01%"
"06/16/2022","1,505.70","1,512.00","1,517.00","1,511.34","0.02K","0.01%"
"06/15/2022","1,505.50","1,512.20","1,513.30","1,511.34","0.02K","-0.01%"
"06/14/2022","1,505.70","1,512.00","1,512.20","1,511.24","0.02K","0.01%"
"06/13/2022","1,505.50","1,512.20","1,517.00","1,511.24","0.02K","-0.01%"
"06/10/2022","1,505.70","1,512.20","1,517.00","1,512.00","0.02K","0.08%"
"06/09/2022","1,504.49","1,512.20","1,517.00","1,511.49","0.02K","-0.08%"
"06/08/2022","1,505.70","1,512.20","1,512.20","1,512.00","0.02K","0.01%"
"06/07/2022","1,505.50","1,512.20","1,517.00","1,512.00","0.03K","-0.01%"
"06/06/2022","1,505.70","1,512.00","1,517.00","1,510.59","0.04K","0.01%"
"06/03/2022","1,505.50","1,512.00","1,512.20","1,512.00","","0.00%"
"06/02/2022","1,505.50","1,512.20","1,517.00","1,512.00","0.03K","-0.01%"
"06/01/2022","1,505.70","1,512.20","1,517.00","1,511.24","0.03K","0.01%"
"05/31/2022","1,505.50","1,512.20","1,517.00","1,511.24","0.82K","-0.01%"
"05/30/2022","1,505.70","1,512.20","1,512.20","1,512.20","","0.00%"
"05/27/2022","1,505.70","1,512.00","1,517.00","1,511.24","0.03K","0.01%"
"05/26/2022","1,505.50","1,512.20","1,517.00","1,511.12","0.02K","-0.01%"
"05/25/2022","1,505.70","1,512.00","1,517.00","1,512.00","0.02K","0.01%"
"05/24/2022","1,505.50","1,512.20","1,517.00","1,511.24","0.03K","0.09%"
"05/23/2022","1,504.19","1,512.00","1,512.30","1,511.34","0.02K","-0.19%"
"05/20/2022","1,507.00","1,512.20","1,517.00","1,512.00","0.02K","0.09%"
"05/19/2022","1,505.70","1,517.00","1,517.00","1,510.49","0.03K","0.01%"
"05/18/2022","1,505.50","1,512.20","1,512.20","1,512.00","0.01K","-0.01%"
"05/17/2022","1,505.70","1,512.00","1,517.00","1,512.00","0.02K","0.01%"
"05/16/2022","1,505.50","1,512.20","1,517.00","1,512.00","0.02K","-0.01%"
"05/13/2022","1,505.70","1,512.00","1,517.00","1,512.00","0.03K","0.01%"
"05/12/2022","1,505.50","1,512.20","1,517.00","1,510.59","0.02K","-0.01%"
"05/11/2022","1,505.70","1,512.20","1,517.00","1,512.00","0.03K","0.01%"
"05/10/2022","1,505.50","1,512.20","1,517.00","1,512.00","0.02K","-0.10%"
"05/09/2022","1,507.00","1,512.20","1,517.00","1,511.34","0.03K","0.17%"
"05/06/2022","1,504.49","1,512.20","1,513.38","1,511.34","0.02K","-0.08%"
"05/05/2022","1,505.70","1,512.20","1,517.00","1,512.00","0.02K","0.01%"
"05/04/2022","1,505.50","1,512.20","1,513.55","1,511.34","0.03K","-0.01%"
"05/03/2022","1,505.70","1,512.20","1,517.00","1,511.24","0.01K","0.01%"
"05/02/2022","1,505.50","1,512.20","1,517.00","1,511.34","0.02K","-0.10%"
"04/29/2022","1,507.00","1,512.20","1,517.00","1,511.34","0.02K","0.10%"
"04/28/2022","1,505.50","1,512.20","1,517.00","1,512.00","0.02K","-0.01%"
"04/27/2022","1,505.70","1,512.20","1,513.38","1,511.34","0.02K","0.01%"
"04/26/2022","1,505.50","1,512.20","1,517.00","1,511.34","0.02K","-0.01%"
"04/25/2022","1,505.70","1,512.20","1,517.00","1,511.24","0.02K","0.11%"
"04/22/2022","1,503.99","1,512.20","1,517.00","1,511.24","0.02K","-0.11%"
"04/21/2022","1,505.70","1,512.00","1,517.00","1,511.24","0.03K","0.01%"
"04/20/2022","1,505.50","1,512.20","1,517.00","1,512.00","0.02K","-0.10%"
"04/19/2022","1,507.00","1,512.20","1,517.00","1,511.24","0.01K","0.17%"
"04/18/2022","1,504.49","1,512.20","1,517.00","1,511.49","0.02K","-0.08%"
"04/15/2022","1,505.70","1,512.20","1,517.00","1,512.00","0.01K","0.11%"
"04/14/2022","1,503.99","1,512.20","1,512.93","1,510.49","0.03K","-0.11%"
"04/13/2022","1,505.70","1,512.00","1,517.00","1,512.00","0.02K","0.01%"
"04/12/2022","1,505.50","1,512.20","1,517.00","1,510.59","0.03K","-0.01%"
"04/11/2022","1,505.70","1,512.00","1,517.00","1,511.34","0.02K","0.01%"
"04/08/2022","1,505.50","1,512.20","1,517.00","1,512.00","0.01K","-0.10%"
"04/07/2022","1,507.00","1,512.00","1,517.00","1,511.24","0.02K","0.10%"
"04/06/2022","1,505.50","1,512.20","1,517.00","1,511.34","0.02K","-0.10%"
"04/05/2022","1,507.00","1,512.00","1,514.00","1,511.24","0.02K","0.10%"
"04/04/2022","1,505.50","1,512.20","1,515.45","1,511.24","0.02K","-0.01%"
"04/01/2022","1,505.70","1,512.20","1,517.00","1,511.24","0.03K","0.01%"
"03/31/2022","1,505.50","1,512.20","1,515.00","1,512.00","0.02K","-0.01%"
"03/30/2022","1,505.70","1,512.00","1,512.20","1,512.00","0.02K","0.01%"
"03/29/2022","1,505.50","1,512.20","1,517.00","1,512.00","0.03K","-0.01%"
"03/28/2022","1,505.70","1,512.00","1,512.85","1,510.49","0.02K","0.01%"
"03/25/2022","1,505.50","1,512.20","1,517.00","1,511.34","0.02K","-0.01%"
"03/24/2022","1,505.70","1,512.20","1,517.00","1,511.44","0.01K","0.00%"
"03/23/2022","1,505.70","1,512.00","1,517.00","1,511.25","0.01K","0.01%"
"03/22/2022","1,505.50","1,512.20","1,514.00","1,512.00","0.02K","-0.01%"
"03/21/2022","1,505.70","1,512.00","1,513.00","1,512.00","0.02K","0.01%"
"03/18/2022","1,505.50","1,512.20","1,513.00","1,512.00","0.01K","-0.01%"
"03/17/2022","1,505.70","1,512.00","1,512.35","1,510.59","0.02K","0.01%"
"03/16/2022","1,505.50","1,512.20","1,514.00","1,512.00","0.02K","-0.01%"
"03/15/2022","1,505.70","1,512.00","1,514.00","1,511.34","0.02K","0.01%"
"03/14/2022","1,505.50","1,512.20","1,514.00","1,511.49","0.02K","0.07%"
"03/11/2022","1,504.49","1,512.20","1,514.00","1,511.49","0.02K","-0.07%"
"03/10/2022","1,505.50","1,512.20","1,513.00","1,511.34","0.02K","-0.10%"
"03/09/2022","1,507.00","1,512.00","1,514.00","1,511.34","0.02K","0.10%"
"03/08/2022","1,505.50","1,512.20","1,513.00","1,511.34","0.02K","-0.10%"
"03/07/2022","1,507.00","1,512.00","1,513.00","1,512.00","0.01K","0.10%"
"03/04/2022","1,505.50","1,512.20","1,514.00","1,511.24","0.03K","-0.01%"
"03/03/2022","1,505.70","1,512.00","1,517.00","1,511.24","0.03K","0.11%"
"03/02/2022","1,503.99","1,512.20","1,515.45","1,510.49","0.02K","-0.20%"
"03/01/2022","1,507.00","1,512.00","1,515.45","1,511.24","0.02K","0.10%"
"02/28/2022","1,505.50","1,512.20","1,512.28","1,511.24","0.03K","-0.01%"
"02/25/2022","1,505.70","1,512.00","1,514.95","1,511.24","0.04K","0.01%"
"02/24/2022","1,505.50","1,512.20","1,514.00","1,512.00","0.03K","-0.01%"
"02/23/2022","1,505.70","1,512.00","1,515.45","1,511.24","0.02K","0.01%"
"02/22/2022","1,505.50","1,512.20","1,514.00","1,511.24","0.03K","-0.01%"
"02/21/2022","1,505.70","1,512.20","1,512.20","1,512.20","","0.00%"
"02/18/2022","1,505.70","1,512.00","1,514.80","1,511.24","0.04K","0.01%"
"02/17/2022","1,505.50","1,512.20","1,515.45","1,511.34","0.03K","-0.01%"
"02/16/2022","1,505.70","1,512.00","1,514.00","1,511.62","0.03K","0.01%"
"02/15/2022","1,505.50","1,512.20","1,512.35","1,511.34","0.02K","-0.01%"
"02/14/2022","1,505.70","1,512.00","1,513.18","1,510.49","0.02K","0.01%"
"02/11/2022","1,505.50","1,512.20","1,515.45","1,510.59","0.03K","-0.01%"
"02/10/2022","1,505.70","1,512.20","1,512.85","1,511.25","0.02K","0.01%"
"02/09/2022","1,505.50","1,512.20","1,512.93","1,510.49","0.02K","-0.10%"
"02/08/2022","1,507.00","1,512.00","1,512.85","1,511.25","0.01K","0.20%"
"02/07/2022","1,503.99","1,512.20","1,513.00","1,510.75","0.03K","-0.11%"
"02/04/2022","1,505.70","1,512.00","1,512.93","1,510.74","0.02K","0.01%"
"02/03/2022","1,505.49","1,512.00","1,515.45","1,510.49","0.02K","0.00%"
"02/02/2022","1,505.50","1,512.20","1,515.45","1,510.49","0.04K","-0.01%"
"02/01/2022","1,505.70","1,512.20","1,512.85","1,511.25","0.02K","0.01%"
"01/31/2022","1,505.50","1,512.20","1,514.00","1,511.24","0.03K","-0.01%"
"01/28/2022","1,505.70","1,512.00","1,513.00","1,511.34","0.02K","0.01%"
"01/27/2022","1,505.50","1,512.20","1,515.45","1,511.24","0.03K","-0.01%"
"01/26/2022","1,505.70","1,512.00","1,512.85","1,510.49","0.03K","0.01%"
"01/25/2022","1,505.50","1,512.20","1,515.45","1,510.49","0.02K","-0.01%"
"01/24/2022","1,505.70","1,512.00","1,512.93","1,510.49","0.03K","-0.09%"
"01/21/2022","1,507.00","1,512.20","1,513.70","1,510.59","0.03K","0.09%"
"01/20/2022","1,505.70","1,512.20","1,515.45","1,510.49","0.03K","0.08%"
"01/19/2022","1,504.49","1,512.20","1,513.00","1,511.49","0.02K","0.00%"
"01/18/2022","1,504.49","1,512.20","1,513.00","1,510.49","0.04K","-0.08%"
"01/17/2022","1,505.70","1,512.20","1,512.20","1,512.20","","0.00%"
"01/14/2022","1,505.70","1,512.20","1,512.85","1,511.25","0.02K","0.01%"
"01/13/2022","1,505.50","1,512.20","1,514.00","1,510.49","0.02K","-0.01%"
"01/12/2022","1,505.70","1,512.00","1,512.85","1,510.49","0.03K","0.08%"
"01/11/2022","1,504.49","1,512.20","1,514.00","1,511.34","0.03K","-0.08%"
"01/10/2022","1,505.70","1,512.20","1,515.45","1,511.34","0.03K","0.01%"
"01/07/2022","1,505.50","1,512.20","1,513.00","1,512.00","0.03K","-0.01%"
"01/06/2022","1,505.70","1,512.00","1,513.00","1,512.00","0.04K","0.01%"
"01/05/2022","1,505.50","1,512.20","1,514.34","1,510.49","0.04K","-0.01%"
"01/04/2022","1,505.70","1,512.00","1,513.57","1,510.49","0.04K","0.01%"
"01/03/2022","1,505.50","1,512.20","1,513.19","1,511.34","0.04K","-0.01%"
"12/31/2021","1,505.70","1,512.20","1,512.20","1,511.24","0.03K","0.01%"
"12/30/2021","1,505.50","1,512.20","1,515.45","1,511.34","0.02K","-0.01%"
"12/29/2021","1,505.70","1,512.20","1,513.85","1,511.24","0.02K","0.01%"
"12/28/2021","1,505.50","1,512.20","1,513.70","1,511.34","0.03K","-0.01%"
"12/27/2021","1,505.70","1,512.00","1,513.00","1,512.00","0.04K","-0.09%"
"12/24/2021","1,507.00","1,512.20","1,513.70","1,510.49","0.01K","0.17%"
"12/23/2021","1,504.49","1,511.67","1,513.00","1,510.59","0.02K","-0.08%"
"12/22/2021","1,505.70","1,512.20","1,512.53","1,511.24","0.02K","0.11%"
"12/21/2021","1,503.99","1,512.20","1,516.00","1,511.24","0.02K","-0.11%"
"12/20/2021","1,505.70","1,512.20","1,516.00","1,511.32","0.02K","0.01%"
"12/17/2021","1,505.49","1,512.20","1,513.70","1,511.09","0.03K","0.09%"
"12/16/2021","1,504.19","1,512.20","1,514.55","1,511.24","0.01K","-0.09%"
"12/15/2021","1,505.50","1,512.20","1,514.80","1,511.34","0.02K","0.07%"
"12/14/2021","1,504.49","1,512.20","1,512.35","1,511.24","0.02K","0.00%"
"12/13/2021","1,504.49","1,512.20","1,514.80","1,511.34","0.03K","-0.08%"
"12/10/2021","1,505.70","1,512.20","1,512.28","1,511.44","0.01K","0.01%"
"12/09/2021","1,505.50","1,512.20","1,512.28","1,511.34","0.01K","-0.01%"
"12/08/2021","1,505.70","1,511.32","1,512.35","1,510.80","0.01K","0.01%"
"12/07/2021","1,505.50","1,512.20","1,513.35","1,511.49","0.02K","0.07%"
"12/06/2021","1,504.49","1,512.00","1,513.35","1,511.24","0.02K","0.03%"
"12/03/2021","1,503.99","1,512.20","1,513.13","1,511.24","0.01K","-0.01%"
"12/02/2021","1,504.19","1,512.00","1,512.28","1,511.34","0.02K","0.01%"
"12/01/2021","1,503.99","1,512.20","1,512.50","1,511.24","0.03K","-0.11%"
"11/30/2021","1,505.70","1,512.20","1,512.28","1,511.24","0.03K","0.11%"
"11/29/2021","1,503.99","1,512.20","1,514.80","1,511.24","0.03K","0.00%"
"11/26/2021","1,503.99","1,512.20","1,514.80","1,511.24","0.01K","-0.11%"
"11/25/2021","1,505.70","1,512.20","1,512.20","1,512.20","","0.08%"
"11/24/2021","1,504.49","1,512.20","1,512.28","1,511.49","0.01K","-0.07%"
"11/23/2021","1,505.50","1,512.20","1,514.80","1,511.34","0.02K","-0.01%"
"11/22/2021","1,505.70","1,512.20","1,512.43","1,511.24","0.01K","0.01%"
"11/19/2021","1,505.50","1,512.20","1,512.35","1,510.59","0.01K","-0.01%"
"11/18/2021","1,505.70","1,512.00","1,514.80","1,511.24","0.02K","0.18%"
"11/17/2021","1,503.00","1,512.20","1,514.80","1,510.75","0.01K","-0.18%"
"11/16/2021","1,505.70","1,512.00","1,512.20","1,511.49","0.02K","0.01%"
"11/15/2021","1,505.50","1,512.20","1,512.20","1,512.00","0.02K","0.07%"
"11/12/2021","1,504.49","1,512.20","1,512.35","1,511.24","0.02K","-0.07%"
"11/11/2021","1,505.50","1,512.20","1,512.20","1,512.00","","-0.01%"
"11/10/2021","1,505.70","1,512.20","1,512.28","1,511.34","0.02K","0.11%"
"11/09/2021","1,503.99","1,512.20","1,514.80","1,511.24","0.01K","-0.11%"
"11/08/2021","1,505.70","1,512.00","1,514.63","1,511.24","0.02K","0.01%"
"11/05/2021","1,505.50","1,512.20","1,512.65","1,511.24","0.02K","-0.01%"
"11/04/2021","1,505.70","1,512.20","1,514.55","1,511.24","0.02K","0.01%"
"11/03/2021","1,505.50","1,512.20","1,513.70","1,510.59","0.02K","0.09%"
"11/02/2021","1,504.19","1,512.00","1,514.05","1,511.24","0.03K","-0.02%"
"11/01/2021","1,504.49","1,512.00","1,512.57","1,511.24","0.02K","-0.07%"
"10/29/2021","1,505.50","1,511.32","1,512.28","1,511.24","0.02K","-0.01%"
"10/28/2021","1,505.70","1,512.00","1,512.60","1,511.24","0.05K","0.01%"
"10/27/2021","1,505.50","1,512.20","1,512.60","1,511.34","0.03K","-0.01%"
"10/26/2021","1,505.70","1,512.20","1,514.80","1,511.34","0.01K","0.11%"
"10/25/2021","1,503.99","1,512.20","1,514.80","1,511.24","0.02K","0.03%"
"10/22/2021","1,503.49","1,512.20","1,514.55","1,510.99","0.03K","-0.05%"
"10/21/2021","1,504.24","1,512.20","1,514.05","1,511.24","0.01K","-0.08%"
"10/20/2021","1,505.50","1,512.20","1,512.20","1,512.00","0.01K","-0.01%"
"10/19/2021","1,505.70","1,512.20","1,514.55","1,510.59","0.02K","0.01%"
"10/18/2021","1,505.50","1,512.20","1,512.20","1,512.00","0.01K","-0.01%"
"10/15/2021","1,505.70","1,512.20","1,512.20","1,512.00","0.01K","0.01%"
"10/14/2021","1,505.50","1,512.20","1,512.35","1,510.59","0.01K","-0.01%"
"10/13/2021","1,505.70","1,512.00","1,512.71","1,510.59","0.03K","0.01%"
"10/12/2021","1,505.50","1,512.20","1,512.84","1,510.49","0.05K","-0.01%"
"10/11/2021","1,505.70","1,512.00","1,512.20","1,512.00","0.02K","0.01%"
"10/08/2021","1,505.50","1,512.20","1,512.20","1,512.00","0.01K","0.15%"
"10/07/2021","1,503.24","1,512.20","1,513.13","1,510.49","0.02K","-0.15%"
"10/06/2021","1,505.50","1,512.20","1,512.20","1,512.00","0.01K","-0.01%"
"10/05/2021","1,505.70","1,512.20","1,512.35","1,510.59","0.02K","0.01%"
"10/04/2021","1,505.50","1,512.20","1,512.64","1,510.49","0.01K","-0.01%"
"10/01/2021","1,505.70","1,512.20","1,512.59","1,510.59","0.02K","0.01%"
"09/30/2021","1,505.50","1,512.20","1,512.20","1,512.00","0.01K","0.19%"
"09/29/2021","1,502.69","1,512.00","1,512.71","1,510.59","0.02K","-0.19%"
"09/28/2021","1,505.50","1,512.20","1,512.50","1,509.09","0.02K","-0.01%"
"09/27/2021","1,505.70","1,512.00","1,512.50","1,509.09","0.02K","0.01%"
"09/24/2021","1,505.50","1,512.20","1,512.50","1,509.09","0.02K","-0.01%"
"09/23/2021","1,505.70","1,512.20","1,512.59","1,510.59","0.02K","0.01%"
"09/22/2021","1,505.50","1,512.20","1,512.20","1,512.00","0.02K","-0.01%"
"09/21/2021","1,505.70","1,512.20","1,512.35","1,510.59","0.02K","0.33%"
"09/20/2021","1,500.73","1,512.20","1,512.86","1,509.61","0.02K","-0.33%"
"09/17/2021","1,505.70","1,512.20","1,513.18","1,510.74","0.01K","0.01%"
"09/16/2021","1,505.50","1,512.20","1,513.03","1,510.59","0.02K","0.17%"
"09/15/2021","1,502.99","1,512.00","1,513.43","1,510.49","0.02K","-0.17%"
"09/14/2021","1,505.50","1,512.20","1,513.18","1,510.59","0.02K","-0.01%"
"09/13/2021","1,505.70","1,512.20","1,512.20","1,512.00","0.01K","0.21%"
"09/10/2021","1,502.49","1,512.20","1,512.35","1,510.49","0.01K","-0.01%"
"09/09/2021","1,502.69","1,512.00","1,513.03","1,510.59","0.02K","0.01%"
"09/08/2021","1,502.49","1,512.20","1,512.59","1,510.49","0.01K","-0.21%"
"09/07/2021","1,505.70","1,512.20","1,512.20","1,512.00","","0.01%"
"09/06/2021","1,505.50","1,512.20","1,512.20","1,512.00","","0.00%"
"09/03/2021","1,505.50","1,512.20","1,512.20","1,512.00","0.02K","-0.01%"
"09/02/2021","1,505.70","1,512.00","1,512.20","1,512.00","0.03K","0.01%"
"09/01/2021","1,505.50","1,512.20","1,513.03","1,510.49","0.02K","-0.01%"
"08/31/2021","1,505.70","1,512.20","1,512.88","1,510.49","0.02K","0.01%"
"08/30/2021","1,505.50","1,512.20","1,513.18","1,510.49","0.01K","-0.01%"
"08/27/2021","1,505.70","1,512.20","1,513.18","1,510.49","0.02K","0.01%"
"08/26/2021","1,505.50","1,512.20","1,513.03","1,510.49","0.02K","-0.01%"
"08/25/2021","1,505.70","1,512.00","1,513.22","1,510.49","0.02K","0.01%"
"08/24/2021","1,505.50","1,512.20","1,512.20","1,512.00","0.01K","-0.01%"
"08/23/2021","1,505.70","1,512.00","1,512.20","1,512.00","0.01K","0.01%"
"08/20/2021","1,505.50","1,512.20","1,512.65","1,509.61","0.02K","-0.01%"
"08/19/2021","1,505.70","1,512.20","1,512.25","1,510.49","0.01K","0.01%"
"08/18/2021","1,505.50","1,512.20","1,513.13","1,510.59","0.02K","-0.01%"
"08/17/2021","1,505.70","1,512.20","1,513.43","1,510.49","0.01K","0.01%"
"08/16/2021","1,505.50","1,512.20","1,513.43","1,510.49","0.02K","-0.01%"
"08/13/2021","1,505.70","1,512.20","1,512.28","1,510.49","0.01K","0.01%"
"08/12/2021","1,505.50","1,512.20","1,512.65","1,509.09","0.02K","0.39%"
"08/11/2021","1,499.68","1,512.00","1,512.55","1,509.09","0.01K","-0.39%"
"08/10/2021","1,505.50","1,512.20","1,512.35","1,510.59","0.01K","-0.01%"
"08/09/2021","1,505.70","1,512.00","1,512.20","1,512.00","0.03K","0.01%"
"08/06/2021","1,505.50","1,512.20","1,512.20","1,512.00","0.02K","-0.01%"
"08/05/2021","1,505.70","1,512.20","1,513.13","1,510.49","0.02K","0.01%"
"08/04/2021","1,505.50","1,512.20","1,512.20","1,512.00","0.02K","-0.01%"
"08/03/2021","1,505.70","1,512.20","1,512.20","1,512.00","0.02K","0.01%"
"08/02/2021","1,505.50","1,512.20","1,512.20","1,512.00","0.02K","-0.01%"
"07/30/2021","1,505.70","1,512.00","1,512.25","1,510.49","0.02K","0.01%"
"07/29/2021","1,505.50","1,512.20","1,513.38","1,511.12","0.02K","-0.01%"
"07/28/2021","1,505.70","1,512.20","1,513.38","1,511.12","0.01K","0.01%"
"07/27/2021","1,505.50","1,512.20","1,512.20","1,512.00","0.01K","-0.01%"
"07/26/2021","1,505.70","1,512.00","1,512.20","1,512.00","0.02K","0.01%"
"07/23/2021","1,505.50","1,512.20","1,512.20","1,512.00","0.01K","-0.01%"
"07/22/2021","1,505.70","1,512.00","1,513.13","1,511.12","0.01K","0.01%"
"07/21/2021","1,505.50","1,512.20","1,512.20","1,512.00","0.02K","-0.01%"
"07/20/2021","1,505.70","1,512.00","1,512.20","1,512.00","","0.01%"
"07/19/2021","1,505.50","1,512.20","1,512.20","1,512.00","0.01K","-0.01%"
"07/16/2021","1,505.70","1,512.00","1,512.20","1,512.00","0.01K","0.01%"
"07/15/2021","1,505.50","1,512.20","1,512.20","1,512.00","0.02K","-0.01%"
"07/14/2021","1,505.70","1,512.20","1,512.20","1,512.00","0.01K","0.00%"
"07/13/2021","1,505.70","1,512.20","1,512.20","1,512.00","0.02K","0.01%"
"07/12/2021","1,505.50","1,512.20","1,512.20","1,512.00","0.01K","-0.01%"
"07/09/2021","1,505.70","1,512.00","1,512.95","1,510.49","0.02K","0.01%"
"07/08/2021","1,505.50","1,512.20","1,512.20","1,512.00","0.01K","-0.01%"
"07/07/2021","1,505.70","1,512.20","1,512.20","1,512.00","0.02K","0.01%"
"07/06/2021","1,505.50","1,512.20","1,512.20","1,512.00","0.02K","-0.01%"
"07/05/2021","1,505.70","1,512.20","1,512.20","1,512.20","","0.00%"
"07/02/2021","1,505.70","1,512.00","1,512.20","1,512.00","0.02K","0.01%"
"07/01/2021","1,505.50","1,512.20","1,512.20","1,512.00","0.02K","-0.01%"
"06/30/2021","1,505.70","1,512.00","1,512.20","1,512.00","0.02K","0.01%"
"06/29/2021","1,505.50","1,512.20","1,512.20","1,512.00","0.01K","-0.01%"
"06/28/2021","1,505.70","1,512.00","1,512.20","1,512.00","0.01K","0.01%"
"06/25/2021","1,505.50","1,512.20","1,512.20","1,512.00","0.01K","-0.01%"
"06/24/2021","1,505.70","1,512.00","1,512.20","1,512.00","","0.01%"
"06/23/2021","1,505.50","1,512.20","1,512.20","1,512.00","0.02K","-0.01%"
"06/22/2021","1,505.70","1,512.00","1,512.20","1,512.00","0.02K","0.01%"
"06/21/2021","1,505.50","1,512.20","1,512.20","1,512.00","0.02K","-0.01%"
"06/18/2021","1,505.70","1,512.20","1,512.20","1,512.00","0.01K","0.01%"
"06/17/2021","1,505.50","1,512.20","1,512.20","1,512.00","0.02K","-0.01%"
"06/16/2021","1,505.70","1,508.00","1,512.20","1,508.00","","0.28%"
"06/15/2021","1,501.50","1,512.20","1,512.20","1,508.00","0.02K","-0.01%"
"06/14/2021","1,501.70","1,512.20","1,512.20","1,508.00","0.01K","0.01%"
"06/11/2021","1,501.50","1,508.20","1,512.20","1,508.00","0.02K","-0.01%"
"06/10/2021","1,501.70","1,508.00","1,512.20","1,508.00","0.03K","0.01%"
"06/09/2021","1,501.50","1,508.20","1,512.20","1,508.00","0.02K","-0.01%"
"06/08/2021","1,501.70","1,508.00","1,512.20","1,508.00","0.03K","0.00%"
"06/07/2021","1,501.70","1,512.20","1,512.20","1,508.00","0.02K","0.01%"
"06/04/2021","1,501.50","1,512.20","1,512.20","1,508.00","0.02K","-0.01%"
"06/03/2021","1,501.70","1,508.00","1,512.20","1,508.00","0.03K","0.01%"
"06/02/2021","1,501.50","1,508.20","1,512.20","1,506.60","0.02K","-0.01%"
"06/01/2021","1,501.70","1,508.00","1,512.20","1,508.00","0.02K","0.01%"
"05/31/2021","1,501.50","1,508.20","1,512.20","1,508.00","0.01K","-0.01%"
"05/28/2021","1,501.70","1,508.00","1,512.20","1,508.00","0.01K","0.01%"
"05/27/2021","1,501.50","1,512.20","1,512.20","1,507.74","0.01K","-0.01%"
"05/26/2021","1,501.70","1,512.20","1,512.20","1,508.00","0.02K","0.01%"
"05/25/2021","1,501.50","1,508.20","1,512.20","1,507.24","0.04K","-0.01%"
"05/24/2021","1,501.70","1,508.20","1,512.20","1,508.00","0.01K","0.00%"
"05/21/2021","1,501.70","1,508.00","1,512.20","1,508.00","0.03K","0.01%"
"05/20/2021","1,501.50","1,512.20","1,512.20","1,508.00","0.02K","-0.01%"
"05/19/2021","1,501.70","1,508.00","1,512.50","1,507.74","0.02K","0.05%"
"05/18/2021","1,500.99","1,512.20","1,512.50","1,507.74","0.02K","-0.05%"
"05/17/2021","1,501.70","1,512.20","1,512.20","1,508.00","0.02K","0.01%"
"05/14/2021","1,501.50","1,512.20","1,512.20","1,506.45","0.04K","0.01%"
"05/13/2021","1,501.40","1,508.00","1,512.20","1,507.90","0.03K","-0.01%"
"05/12/2021","1,501.50","1,512.20","1,512.20","1,507.95","0.02K","0.00%"
"05/11/2021","1,501.45","1,508.00","1,512.20","1,507.95","0.04K","0.00%"
"05/10/2021","1,501.50","1,508.05","1,512.20","1,507.74","0.02K","0.00%"
"05/07/2021","1,501.55","1,512.20","1,512.20","1,507.74","0.04K","0.00%"
"05/06/2021","1,501.50","1,512.20","1,512.20","1,508.00","0.03K","-0.07%"
"05/05/2021","1,502.50","1,512.20","1,512.20","1,507.00","0.03K","-0.21%"
"05/04/2021","1,505.70","1,512.00","1,512.20","1,512.00","0.02K","0.01%"
"05/03/2021","1,505.50","1,512.20","1,512.20","1,512.00","0.02K","-0.01%"
"04/30/2021","1,505.70","1,512.00","1,512.20","1,512.00","0.03K","0.01%"
"04/29/2021","1,505.50","1,512.20","1,512.20","1,512.00","0.04K","-0.01%"
"04/28/2021","1,505.70","1,512.00","1,512.20","1,512.00","0.04K","0.01%"
"04/27/2021","1,505.50","1,512.00","1,512.20","1,512.00","0.03K","0.00%"
"04/26/2021","1,505.50","1,512.20","1,512.20","1,512.00","0.01K","-0.01%"
"04/23/2021","1,505.70","1,512.20","1,512.20","1,512.00","0.01K","0.01%"
"04/22/2021","1,505.50","1,512.20","1,512.20","1,512.00","0.01K","-0.01%"
"04/21/2021","1,505.70","1,512.00","1,512.20","1,512.00","0.02K","0.01%"
"04/20/2021","1,505.50","1,512.20","1,512.20","1,512.00","0.02K","-0.01%"
"04/19/2021","1,505.70","1,512.00","1,512.20","1,512.00","0.01K","0.01%"
"04/16/2021","1,505.50","1,512.20","1,512.20","1,512.00","0.02K","-0.01%"
"04/15/2021","1,505.70","1,512.00","1,512.20","1,512.00","0.02K","0.01%"
"04/14/2021","1,505.50","1,512.20","1,512.20","1,512.00","0.02K","-0.01%"
"04/13/2021","1,505.70","1,512.00","1,512.20","1,512.00","0.02K","0.01%"
"04/12/2021","1,505.50","1,512.00","1,512.20","1,512.00","0.01K","0.00%"
"04/09/2021","1,505.50","1,512.20","1,514.00","1,512.00","0.02K","-0.13%"
"04/08/2021","1,507.50","1,512.00","1,514.00","1,512.00","0.01K","0.13%"
"04/07/2021","1,505.50","1,512.00","1,512.20","1,512.00","0.01K","0.00%"
"04/06/2021","1,505.50","1,512.00","1,512.20","1,512.00","0.01K","0.00%"
"04/05/2021","1,505.50","1,512.00","1,512.25","1,510.74","0.01K","0.00%"
"04/02/2021","1,505.50","1,512.20","1,512.25","1,510.74","0.02K","-0.01%"
"04/01/2021","1,505.70","1,512.00","1,512.20","1,512.00","0.01K","0.01%"
"03/31/2021","1,505.50","1,512.20","1,512.20","1,512.00","0.01K","-0.01%"
"03/30/2021","1,505.70","1,512.00","1,512.20","1,512.00","0.02K","0.01%"
"03/29/2021","1,505.50","1,512.20","1,512.20","1,512.00","0.01K","-0.01%"
"03/26/2021","1,505.70","1,512.20","1,512.20","1,512.00","0.01K","0.18%"
"03/25/2021","1,502.99","1,512.20","1,513.50","1,510.74","0.02K","-0.18%"
"03/24/2021","1,505.70","1,512.20","1,512.20","1,512.00","0.02K","0.25%"
"03/23/2021","1,501.99","1,512.20","1,512.40","1,510.24","0.02K","-0.25%"
"03/22/2021","1,505.70","1,512.00","1,512.20","1,512.00","0.02K","0.01%"
"03/19/2021","1,505.50","1,512.20","1,512.20","1,512.00","0.01K","-0.01%"
"03/18/2021","1,505.70","1,512.00","1,512.20","1,512.00","0.02K","0.01%"
"03/17/2021","1,505.50","1,512.20","1,512.20","1,512.00","0.01K","-0.01%"
"03/16/2021","1,505.70","1,512.20","1,512.20","1,512.00","0.01K","0.01%"
"03/15/2021","1,505.50","1,512.20","1,512.20","1,512.00","0.02K","-0.01%"
"03/12/2021","1,505.70","1,512.00","1,512.20","1,512.00","0.02K","0.01%"
"03/11/2021","1,505.50","1,512.20","1,512.20","1,512.00","0.01K","-0.01%"
"03/10/2021","1,505.70","1,511.55","1,512.20","1,511.55","0.02K","0.04%"
"03/09/2021","1,505.05","1,512.00","1,514.00","1,510.27","0.02K","-0.03%"
"03/08/2021","1,505.50","1,512.20","1,512.20","1,512.00","0.02K","-0.01%"
"03/05/2021","1,505.70","1,512.00","1,512.20","1,512.00","0.02K","0.01%"
"03/04/2021","1,505.50","1,512.20","1,512.20","1,512.00","0.03K","-0.01%"
"03/03/2021","1,505.70","1,512.20","1,512.20","1,512.00","0.02K","0.01%"
"03/02/2021","1,505.50","1,512.20","1,512.20","1,512.00","0.02K","-0.01%"
"03/01/2021","1,505.70","1,512.00","1,512.20","1,512.00","0.02K","0.01%"
"02/26/2021","1,505.50","1,512.20","1,512.25","1,510.49","0.02K","-0.01%"
"02/25/2021","1,505.70","1,512.00","1,512.20","1,512.00","0.02K","0.01%"
"02/24/2021","1,505.50","1,512.20","1,512.20","1,512.00","0.01K","-0.01%"
"02/23/2021","1,505.70","1,512.00","1,512.20","1,512.00","0.03K","0.01%"
"02/22/2021","1,505.50","1,512.20","1,512.20","1,512.00","0.01K","-0.01%"
"02/19/2021","1,505.70","1,512.20","1,512.20","1,512.00","0.02K","0.00%"
"02/18/2021","1,505.70","1,512.00","1,512.20","1,512.00","0.03K","0.01%"
"02/17/2021","1,505.50","1,512.20","1,512.20","1,512.00","0.02K","-0.01%"
"02/16/2021","1,505.70","1,512.00","1,514.00","1,510.59","0.02K","0.01%"
"02/15/2021","1,505.50","1,512.20","1,512.20","1,512.00","0.01K","-0.01%"
"02/12/2021","1,505.70","1,512.00","1,512.20","1,512.00","0.02K","0.01%"
"02/11/2021","1,505.50","1,512.20","1,512.20","1,512.00","0.02K","-0.01%"
"02/10/2021","1,505.70","1,512.00","1,512.20","1,512.00","0.02K","0.01%"
"02/09/2021","1,505.50","1,512.20","1,512.20","1,512.00","0.02K","-0.01%"
"02/08/2021","1,505.70","1,512.00","1,512.35","1,510.59","0.02K","0.01%"
"02/05/2021","1,505.50","1,512.20","1,517.50","1,510.74","1.65K","-0.01%"
"02/04/2021","1,505.70","1,512.00","1,517.50","1,512.00","0.02K","0.01%"
"02/03/2021","1,505.50","1,512.20","1,517.50","1,512.00","0.02K","-0.01%"
"02/02/2021","1,505.70","1,512.00","1,519.00","1,512.00","0.02K","0.01%"
"02/01/2021","1,505.50","1,512.20","1,519.00","1,512.00","0.02K","-0.01%"
"01/29/2021","1,505.70","1,517.50","1,517.50","1,512.00","0.02K","0.01%"
"01/28/2021","1,505.50","1,512.20","1,517.50","1,511.24","0.02K","-0.01%"
"01/27/2021","1,505.70","1,517.50","1,519.00","1,512.00","0.02K","0.00%"
"01/26/2021","1,505.70","1,512.20","1,517.50","1,510.24","0.02K","0.00%"
"01/25/2021","1,505.70","1,512.00","1,517.50","1,512.00","0.02K","0.01%"
"01/22/2021","1,505.50","1,512.20","1,519.00","1,512.00","0.02K","-0.01%"
"01/21/2021","1,505.70","1,512.20","1,517.50","1,512.00","0.02K","0.00%"
"01/20/2021","1,505.70","1,512.00","1,517.50","1,512.00","0.02K","0.01%"
"01/19/2021","1,505.50","1,512.00","1,517.50","1,512.00","","0.00%"
"01/18/2021","1,505.50","1,512.20","1,517.50","1,512.00","0.01K","-0.01%"
"01/15/2021","1,505.70","1,512.00","1,517.50","1,512.00","0.02K","0.01%"
"01/14/2021","1,505.50","1,512.20","1,519.00","1,512.00","0.02K","-0.01%"
"01/13/2021","1,505.70","1,512.20","1,517.50","1,511.24","0.03K","0.00%"
"01/12/2021","1,505.70","1,512.00","1,518.00","1,511.24","0.02K","0.18%"
"01/11/2021","1,502.99","1,512.20","1,519.00","1,510.74","0.02K","-0.18%"
"01/08/2021","1,505.70","1,512.00","1,519.00","1,510.74","0.02K","0.01%"
"01/07/2021","1,505.50","1,512.20","1,519.00","1,510.74","0.03K","-0.01%"
"01/06/2021","1,505.70","1,512.20","1,517.50","1,512.00","0.01K","0.00%"
"01/05/2021","1,505.70","1,512.00","1,517.50","1,510.74","0.02K","0.01%"
"01/04/2021","1,505.50","1,512.20","1,519.00","1,510.74","0.02K","-0.01%"
"01/01/2021","1,505.70","1,517.50","1,517.50","1,512.20","","0.00%"
"12/31/2020","1,505.70","1,512.00","1,517.50","1,512.00","0.02K","0.01%"
"12/30/2020","1,505.50","1,512.20","1,517.50","1,512.00","0.02K","-0.01%"
"12/29/2020","1,505.70","1,519.00","1,519.00","1,512.00","0.02K","0.01%"
"12/28/2020","1,505.50","1,512.20","1,524.14","1,512.00","0.02K","-0.01%"
"12/25/2020","1,505.70","1,512.20","1,517.50","1,512.20","","0.05%"
"12/24/2020","1,504.98","1,518.00","1,518.00","1,511.74","0.02K","-0.03%"
"12/23/2020","1,505.50","1,512.20","1,517.50","1,512.00","0.02K","-0.01%"
"12/22/2020","1,505.70","1,512.00","1,519.00","1,512.00","0.02K","0.01%"
"12/21/2020","1,505.50","1,512.20","1,517.50","1,510.74","0.02K","-0.01%"
"12/18/2020","1,505.70","1,512.00","1,517.50","1,511.74","0.01K","0.01%"
"12/17/2020","1,505.50","1,512.00","1,519.00","1,512.00","0.02K","0.00%"
"12/16/2020","1,505.50","1,517.50","1,517.50","1,511.24","0.02K","-0.01%"
"12/15/2020","1,505.70","1,512.00","1,517.50","1,510.74","0.02K","0.01%"
"12/14/2020","1,505.50","1,512.00","1,517.50","1,511.24","0.02K","-0.23%"
"12/11/2020","1,509.00","1,512.20","1,519.00","1,511.24","0.02K","0.22%"
"12/10/2020","1,505.70","1,512.00","1,517.50","1,512.00","0.02K","0.01%"
"12/09/2020","1,505.50","1,512.20","1,517.50","1,512.00","0.02K","-0.01%"
"12/08/2020","1,505.70","1,517.50","1,517.50","1,512.00","0.01K","0.01%"
"12/07/2020","1,505.50","1,512.20","1,517.50","1,512.00","0.02K","-0.01%"
"12/04/2020","1,505.70","1,512.00","1,517.50","1,512.00","0.02K","0.11%"
"12/03/2020","1,503.99","1,512.20","1,517.50","1,510.59","0.02K","-0.11%"
"12/02/2020","1,505.70","1,517.50","1,517.50","1,510.59","0.02K","0.01%"
"12/01/2020","1,505.50","1,512.20","1,517.50","1,511.24","0.01K","-0.01%"
"11/30/2020","1,505.70","1,512.00","1,517.50","1,511.24","0.02K","0.01%"
"11/27/2020","1,505.50","1,517.50","1,517.50","1,512.00","0.01K","-0.01%"
"11/26/2020","1,505.70","1,517.50","1,517.50","1,512.00","0.01K","0.01%"
"11/25/2020","1,505.50","1,512.20","1,517.50","1,512.00","0.02K","-0.01%"
"11/24/2020","1,505.70","1,512.00","1,517.50","1,512.00","0.01K","0.01%"
"11/23/2020","1,505.50","1,512.20","1,517.50","1,512.00","0.01K","-0.01%"
"11/20/2020","1,505.70","1,512.20","1,517.50","1,512.00","0.02K","0.00%"
"11/19/2020","1,505.70","1,512.20","1,517.50","1,511.24","0.01K","0.00%"
"11/18/2020","1,505.70","1,512.00","1,517.50","1,510.74","0.03K","0.01%"
"11/17/2020","1,505.50","1,512.20","1,517.50","1,510.74","0.02K","-0.01%"
"11/16/2020","1,505.70","1,512.20","1,519.00","1,512.00","0.01K","0.00%"
"11/13/2020","1,505.70","1,512.00","1,518.00","1,512.00","0.01K","0.18%"
"11/12/2020","1,502.99","1,512.20","1,517.50","1,510.74","0.01K","-0.18%"
"11/11/2020","1,505.70","1,517.50","1,517.50","1,512.00","0.01K","0.01%"
"11/10/2020","1,505.50","1,512.00","1,517.50","1,512.00","0.01K","-0.10%"
"11/09/2020","1,507.00","1,512.00","1,518.98","1,512.00","0.02K","0.10%"
"11/06/2020","1,505.50","1,512.20","1,517.50","1,512.00","0.04K","-0.01%"
"11/05/2020","1,505.70","1,512.20","1,514.00","1,512.00","0.02K","0.00%"
"11/04/2020","1,505.70","1,512.00","1,515.15","1,510.74","0.02K","0.00%"
"11/03/2020","1,505.70","1,512.00","1,514.00","1,512.00","0.10K","0.01%"
"11/02/2020","1,505.50","1,512.20","1,515.15","1,511.24","0.03K","-0.01%"
"10/30/2020","1,505.70","1,512.00","1,514.00","1,512.00","0.01K","0.01%"
"10/29/2020","1,505.50","1,512.20","1,514.00","1,512.00","0.03K","-0.01%"
"10/28/2020","1,505.70","1,512.00","1,512.20","1,512.00","0.01K","-0.09%"
"10/27/2020","1,507.00","1,512.20","1,514.00","1,512.00","0.01K","0.09%"
"10/26/2020","1,505.70","1,512.00","1,514.00","1,511.24","0.01K","0.01%"
"10/23/2020","1,505.50","1,512.00","1,514.00","1,512.00","0.02K","0.17%"
"10/22/2020","1,502.99","1,512.20","1,518.00","1,510.74","0.02K","0.00%"
"10/21/2020","1,502.99","1,512.00","1,515.15","1,510.74","0.03K","-0.18%"
"10/20/2020","1,505.70","1,512.00","1,514.00","1,510.74","0.06K","0.01%"
"10/19/2020","1,505.50","1,512.20","1,514.15","1,511.74","0.10K","-0.01%"
"10/16/2020","1,505.70","1,512.00","1,514.15","1,511.74","0.01K","-0.09%"
"10/15/2020","1,507.00","1,512.00","1,514.00","1,512.00","0.01K","0.10%"
"10/14/2020","1,505.50","1,512.20","1,514.00","1,512.00","0.14K","-0.01%"
"10/13/2020","1,505.70","1,512.20","1,516.14","1,512.00","0.06K","0.01%"
"10/12/2020","1,505.50","1,512.20","1,512.20","1,512.00","0.02K","-0.01%"
"10/09/2020","1,505.70","1,512.00","1,515.15","1,511.24","0.01K","0.01%"
"10/08/2020","1,505.50","1,512.20","1,514.00","1,512.00","0.01K","-0.01%"
"10/07/2020","1,505.70","1,512.00","1,512.40","1,510.24","0.02K","0.01%"
"10/06/2020","1,505.50","1,514.00","1,514.00","1,510.24","0.02K","-0.01%"
"10/05/2020","1,505.70","1,512.00","1,514.65","1,511.24","0.02K","0.01%"
"10/02/2020","1,505.50","1,512.00","1,514.00","1,510.49","0.02K","-0.01%"
"10/01/2020","1,505.70","1,512.20","1,514.00","1,510.74","0.02K","0.01%"
"09/30/2020","1,505.50","1,512.20","1,514.00","1,512.00","0.01K","-0.01%"
"09/29/2020","1,505.70","1,512.20","1,514.00","1,511.02","0.02K","0.00%"
"09/28/2020","1,505.70","1,512.00","1,514.65","1,511.74","0.01K","0.05%"
"09/25/2020","1,504.98","1,512.00","1,515.65","1,511.24","0.34K","-0.05%"
"09/24/2020","1,505.70","1,512.20","1,514.00","1,512.00","0.03K","-0.28%"
"09/23/2020","1,509.97","1,512.00","1,518.14","1,511.24","0.04K","0.28%"
"09/22/2020","1,505.70","1,515.50","1,516.15","1,511.24","0.03K","0.01%"
"09/21/2020","1,505.50","1,512.20","1,514.65","1,511.24","0.59K","-0.01%"
"09/18/2020","1,505.70","1,512.00","1,517.50","1,511.24","0.02K","0.01%"
"09/17/2020","1,505.50","1,512.20","1,514.00","1,512.00","0.03K","0.10%"
"09/16/2020","1,503.99","1,513.15","1,514.65","1,510.74","0.04K","0.07%"
"09/15/2020","1,502.99","1,514.50","1,515.15","1,510.74","0.11K","-0.17%"
"09/14/2020","1,505.50","1,512.20","1,514.65","1,510.49","0.10K","-0.01%"
"09/11/2020","1,505.70","1,510.65","1,514.30","1,510.24","0.03K","0.25%"
"09/10/2020","1,501.99","1,512.00","1,514.30","1,510.24","0.05K","-0.13%"
"09/09/2020","1,503.99","1,514.00","1,514.15","1,510.49","0.13K","-0.11%"
"09/08/2020","1,505.70","1,512.20","1,513.50","1,510.74","0.06K","0.00%"
"09/07/2020","1,505.70","1,512.00","1,512.20","1,512.00","0.04K","0.01%"
"09/04/2020","1,505.50","1,512.00","1,514.00","1,512.00","0.03K","0.00%"
"09/03/2020","1,505.50","1,512.20","1,513.50","1,510.74","0.03K","-0.01%"
"09/02/2020","1,505.70","1,512.20","1,512.20","1,512.00","0.07K","0.01%"
"09/01/2020","1,505.50","1,512.20","1,512.20","1,512.00","0.01K","-0.01%"
"08/31/2020","1,505.70","1,512.00","1,512.20","1,512.00","0.02K","0.01%"
"08/28/2020","1,505.50","1,512.00","1,512.20","1,512.00","0.02K","-0.01%"
"08/27/2020","1,505.70","1,512.00","1,512.20","1,512.00","0.03K","0.01%"
"08/26/2020","1,505.50","1,512.00","1,512.20","1,512.00","0.01K","0.00%"
"08/25/2020","1,505.50","1,512.00","1,512.20","1,512.00","0.01K","-0.01%"
"08/24/2020","1,505.70","1,512.00","1,512.20","1,512.00","0.04K","0.01%"
"08/21/2020","1,505.50","1,512.20","1,512.20","1,512.00","0.02K","-0.01%"
"08/20/2020","1,505.70","1,512.20","1,512.20","1,512.00","0.28K","0.00%"
"08/19/2020","1,505.70","1,512.20","1,513.50","1,511.24","0.02K","0.00%"
"08/18/2020","1,505.70","1,512.00","1,513.50","1,511.24","0.03K","0.01%"
"08/17/2020","1,505.50","1,512.20","1,515.30","1,510.42","0.03K","-0.01%"
"08/14/2020","1,505.70","1,512.00","1,512.20","1,512.00","0.02K","0.01%"
"08/13/2020","1,505.50","1,512.00","1,514.30","1,510.74","0.04K","0.00%"
"08/12/2020","1,505.50","1,512.00","1,514.15","1,510.74","0.04K","0.10%"
"08/11/2020","1,503.99","1,512.00","1,514.65","1,510.24","0.03K","-0.10%"
"08/10/2020","1,505.50","1,512.20","1,514.65","1,510.74","0.04K","-0.01%"
"08/07/2020","1,505.70","1,512.00","1,514.00","1,511.24","0.03K","0.01%"
"08/06/2020","1,505.50","1,512.00","1,514.00","1,511.24","0.04K","0.00%"
"08/05/2020","1,505.50","1,512.20","1,512.20","1,512.00","0.05K","-0.01%"
"08/04/2020","1,505.70","1,512.20","1,512.20","1,512.00","0.02K","0.01%"
"08/03/2020","1,505.50","1,512.00","1,515.65","1,511.74","0.03K","0.00%"
"07/31/2020","1,505.50","1,512.20","1,512.20","1,512.00","0.01K","-0.01%"
"07/30/2020","1,505.70","1,512.00","1,514.15","1,511.74","0.06K","0.01%"
"07/29/2020","1,505.50","1,513.14","1,514.30","1,511.74","0.03K","0.00%"
"07/28/2020","1,505.50","1,512.00","1,515.15","1,511.74","0.02K","0.03%"
"07/27/2020","1,504.98","1,512.00","1,514.00","1,511.74","0.02K","-0.03%"
"07/24/2020","1,505.50","1,512.00","1,514.50","1,511.24","0.02K","0.00%"
"07/23/2020","1,505.50","1,511.49","1,514.00","1,511.24","0.04K","-0.01%"
"07/22/2020","1,505.70","1,512.20","1,514.00","1,512.00","0.03K","-0.15%"
"07/21/2020","1,508.00","1,514.50","1,515.50","1,510.74","0.03K","0.20%"
"07/20/2020","1,504.98","1,512.00","1,515.60","1,511.24","0.03K","-0.03%"
"07/17/2020","1,505.50","1,512.00","1,514.00","1,512.00","0.02K","-0.01%"
"07/16/2020","1,505.70","1,512.00","1,514.00","1,511.24","0.03K","0.05%"
"07/15/2020","1,504.98","1,512.20","1,515.15","1,511.74","0.02K","-0.05%"
"07/14/2020","1,505.70","1,512.20","1,514.00","1,512.00","0.02K","-0.02%"
"07/13/2020","1,505.98","1,512.00","1,514.00","1,512.00","0.02K","0.00%"
"07/10/2020","1,505.98","1,512.00","1,514.15","1,511.74","0.01K","0.07%"
"07/09/2020","1,504.98","1,512.00","1,515.30","1,511.74","0.02K","-0.07%"
"07/08/2020","1,505.98","1,512.00","1,515.30","1,512.00","0.03K","0.02%"
"07/07/2020","1,505.70","1,514.64","1,515.15","1,510.74","0.02K","0.00%"
"07/06/2020","1,505.70","1,512.00","1,515.15","1,511.74","0.03K","0.00%"
"07/03/2020","1,505.70","1,512.00","1,514.00","1,512.00","0.01K","0.01%"
"07/02/2020","1,505.50","1,512.20","1,514.00","1,512.00","0.04K","-0.01%"
"07/01/2020","1,505.70","1,512.20","1,514.00","1,512.00","0.02K","-0.08%"
"06/30/2020","1,506.98","1,511.40","1,517.15","1,511.24","0.03K","0.13%"
"06/29/2020","1,504.98","1,512.20","1,514.00","1,509.24","0.05K","-0.13%"
"06/26/2020","1,507.00","1,512.00","1,514.00","1,511.24","0.04K","0.10%"
"06/25/2020","1,505.50","1,512.20","1,514.00","1,511.74","0.03K","-0.01%"
"06/24/2020","1,505.70","1,512.20","1,514.15","1,510.59","0.02K","0.00%"
"06/23/2020","1,505.70","1,512.00","1,514.90","1,509.09","0.04K","0.01%"
"06/22/2020","1,505.50","1,512.00","1,514.90","1,511.24","0.02K","-0.17%"
"06/19/2020","1,508.00","1,512.20","1,514.50","1,512.00","0.04K","0.20%"
"06/18/2020","1,504.98","1,512.20","1,514.00","1,511.74","0.09K","0.00%"
"06/17/2020","1,504.98","1,512.00","1,520.14","1,511.74","0.10K","-0.03%"
"06/16/2020","1,505.50","1,512.00","1,514.45","1,511.24","0.07K","0.00%"
"06/15/2020","1,505.50","1,512.00","1,514.00","1,511.24","0.04K","0.00%"
"06/12/2020","1,505.50","1,512.00","1,514.00","1,511.74","0.03K","0.00%"
"06/11/2020","1,505.50","1,512.20","1,514.15","1,511.24","0.04K","-0.01%"
"06/10/2020","1,505.70","1,512.20","1,514.00","1,510.74","0.04K","0.05%"
"06/09/2020","1,504.98","1,512.00","1,514.45","1,511.24","0.04K","-0.03%"
"06/08/2020","1,505.50","1,512.00","1,514.15","1,510.59","0.06K","0.03%"
"06/05/2020","1,504.98","1,512.00","1,517.64","1,510.59","0.04K","0.07%"
"06/04/2020","1,503.99","1,514.14","1,516.15","1,510.59","0.05K","-0.27%"
"06/03/2020","1,508.00","1,512.20","1,515.50","1,510.49","0.04K","0.20%"
"06/02/2020","1,504.98","1,514.00","1,514.65","1,511.24","0.03K","0.00%"
"06/01/2020","1,504.98","1,512.00","1,514.50","1,511.74","0.05K","0.00%"
"05/29/2020","1,504.98","1,512.00","1,514.50","1,509.74","0.02K","-0.13%"
"05/28/2020","1,506.98","1,512.00","1,513.50","1,512.00","0.02K","0.10%"
"05/27/2020","1,505.50","1,512.00","1,513.65","1,511.74","0.03K","-0.01%"
"05/26/2020","1,505.70","1,512.20","1,513.65","1,511.24","0.04K","0.00%"
"05/25/2020","1,505.70","1,512.00","1,512.20","1,512.00","0.02K","0.01%"
"05/22/2020","1,505.50","1,512.00","1,513.65","1,511.24","0.03K","-0.03%"
"05/21/2020","1,505.98","1,512.00","1,514.50","1,509.74","0.03K","0.03%"
"05/20/2020","1,505.50","1,512.00","1,513.50","1,509.74","0.02K","0.00%"
"05/19/2020","1,505.50","1,512.20","1,513.50","1,511.74","0.03K","-0.10%"
"05/18/2020","1,507.00","1,512.20","1,513.50","1,512.00","0.02K","0.13%"
"05/15/2020","1,504.98","1,512.20","1,513.65","1,511.24","0.03K","0.00%"
"05/14/2020","1,504.98","1,512.20","1,513.95","1,511.74","0.03K","-0.07%"
"05/13/2020","1,505.98","1,514.00","1,514.50","1,511.74","0.03K","0.13%"
"05/12/2020","1,503.99","1,512.20","1,514.15","1,511.24","0.04K","-0.11%"
"05/11/2020","1,505.70","1,512.20","1,513.80","1,511.24","0.53K","0.00%"
"05/08/2020","1,505.70","1,512.20","1,514.15","1,511.24","0.02K","0.00%"
"05/07/2020","1,505.70","1,512.20","1,513.50","1,511.24","0.03K","-0.02%"
"05/06/2020","1,505.96","1,512.20","1,516.64","1,511.24","5.37K","0.02%"
"05/05/2020","1,505.70","1,512.20","1,514.15","1,511.24","4.01K","-0.61%"
"05/04/2020","1,514.96","1,512.20","1,521.60","1,511.74","0.02K","0.61%"
"05/01/2020","1,505.70","1,512.20","1,515.15","1,508.99","1.84K","0.00%"
"04/30/2020","1,505.70","1,512.20","1,514.50","1,509.09","4.25K","0.00%"
"04/29/2020","1,505.70","1,515.00","1,515.15","1,511.24","5.26K","0.00%"
"04/28/2020","1,505.70","1,512.20","1,514.95","1,511.24","5.95K","0.00%"
"04/27/2020","1,505.70","1,512.00","1,514.95","1,510.59","5.24K","0.11%"
"04/24/2020","1,503.99","1,512.00","1,515.10","1,511.24","1.80K","-0.07%"
"04/23/2020","1,504.98","1,511.89","1,515.60","1,510.74","2.20K","0.00%"
"04/22/2020","1,504.98","1,512.00","1,515.64","1,511.74","5.98K","0.07%"
"04/21/2020","1,503.99","1,512.00","1,514.65","1,510.99","1.88K","-0.10%"
"04/20/2020","1,505.50","1,512.00","1,513.65","1,510.99","1.70K","0.00%"
"04/17/2020","1,505.50","1,512.00","1,514.20","1,511.24","1.79K","0.03%"
"04/16/2020","1,504.98","1,512.00","1,514.80","1,511.24","1.13K","-0.03%"
"04/15/2020","1,505.50","1,512.00","1,514.30","1,511.24","0.02K","0.00%"
"04/14/2020","1,505.50","1,512.00","1,513.95","1,510.99","0.02K","0.00%"
"04/13/2020","1,505.50","1,512.20","1,513.65","1,510.99","0.05K","0.00%"
"04/10/2020","1,505.50","1,512.20","1,513.00","1,512.00","0.01K","-0.01%"
"04/09/2020","1,505.70","1,512.20","1,513.00","1,509.84","0.02K","0.00%"
"04/08/2020","1,505.70","1,512.20","1,514.15","1,510.99","0.13K","0.15%"
"04/07/2020","1,503.48","1,512.20","1,514.00","1,509.74","0.03K","-0.07%"
"04/06/2020","1,504.47","1,512.20","1,514.00","1,511.48","0.02K","-0.08%"
"04/03/2020","1,505.70","1,512.20","1,513.80","1,507.73","0.06K","0.01%"
"04/02/2020","1,505.50","1,511.14","1,514.15","1,510.74","0.03K","0.00%"
"04/01/2020","1,505.50","1,512.00","1,512.65","1,510.99","0.21K","0.00%"
"03/31/2020","1,505.50","1,511.14","1,513.50","1,510.74","0.74K","0.00%"
"03/30/2020","1,505.50","1,512.00","1,514.30","1,511.23","0.02K","-0.01%"
"03/27/2020","1,505.70","1,512.00","1,514.65","1,510.99","0.02K","0.08%"
"03/26/2020","1,504.47","1,512.20","1,514.30","1,510.74","0.03K","0.07%"
"03/25/2020","1,503.48","1,512.00","1,514.15","1,510.99","0.03K","0.00%"
"03/24/2020","1,503.48","1,512.20","1,514.15","1,510.99","0.02K","-0.15%"
"03/23/2020","1,505.70","1,512.20","1,514.15","1,510.49","0.22K","0.00%"
"03/20/2020","1,505.70","1,513.50","1,514.00","1,509.49","2.21K","0.15%"
"03/19/2020","1,503.48","1,512.20","1,514.15","1,510.99","0.03K","0.00%"
"03/18/2020","1,503.48","1,512.20","1,514.00","1,510.99","1.99K","-0.15%"
"03/17/2020","1,505.70","1,512.20","1,514.00","1,510.74","1.33K","0.00%"
"03/16/2020","1,505.70","1,512.20","1,514.15","1,511.48","0.02K","0.00%"
"03/13/2020","1,505.70","1,512.20","1,520.38","1,511.48","0.23K","0.15%"
"03/12/2020","1,503.48","1,512.00","1,513.65","1,510.74","0.06K","-0.13%"
"03/11/2020","1,505.50","1,512.00","1,514.00","1,510.99","0.06K","0.07%"
"03/10/2020","1,504.47","1,512.00","1,514.10","1,510.74","0.05K","-0.07%"
"03/09/2020","1,505.50","1,512.00","1,514.15","1,509.74","0.03K","0.00%"
"03/06/2020","1,505.50","1,512.00","1,514.60","1,509.74","0.03K","0.20%"
"03/05/2020","1,502.48","1,512.00","1,514.15","1,509.74","0.02K","-0.20%"
"03/04/2020","1,505.50","1,512.00","1,514.00","1,512.00","0.02K","0.20%"
"03/03/2020","1,502.48","1,512.20","1,513.65","1,510.24","0.02K","0.09%"
"03/02/2020","1,501.18","1,511.90","1,514.30","1,509.79","0.03K","-0.52%"
"02/28/2020","1,509.00","1,512.00","1,514.15","1,509.94","0.02K","0.23%"
"02/27/2020","1,505.50","1,512.00","1,514.15","1,509.84","0.02K","0.20%"
"02/26/2020","1,502.48","1,512.00","1,514.20","1,510.24","0.03K","-0.13%"
"02/25/2020","1,504.47","1,512.00","1,514.20","1,510.99","0.02K","-0.07%"
"02/24/2020","1,505.50","1,512.00","1,514.35","1,510.49","0.03K","0.00%"
"02/21/2020","1,505.50","1,512.00","1,514.00","1,509.99","0.03K","0.00%"
"02/20/2020","1,505.50","1,512.00","1,514.00","1,509.99","0.04K","0.13%"
"02/19/2020","1,503.48","1,512.20","1,517.53","1,510.99","0.61K","-0.13%"
"02/18/2020","1,505.50","1,512.00","1,514.15","1,510.49","0.48K","0.00%"
"02/17/2020","1,505.50","1,512.20","1,513.35","1,511.75","0.03K","-0.01%"
"02/14/2020","1,505.70","1,512.20","1,514.15","1,510.24","0.06K","0.00%"
"02/13/2020","1,505.70","1,512.00","1,514.15","1,510.74","0.05K","0.01%"
"02/12/2020","1,505.50","1,512.00","1,512.20","1,512.00","0.04K","0.00%"
"02/11/2020","1,505.50","1,512.00","1,514.00","1,510.49","0.03K","0.00%"
"02/10/2020","1,505.50","1,512.00","1,514.15","1,511.48","0.04K","-0.01%"
"02/07/2020","1,505.70","1,512.20","1,514.15","1,510.49","0.04K","0.00%"
"02/06/2020","1,505.70","1,512.00","1,514.15","1,510.99","0.03K","0.15%"
"02/05/2020","1,503.48","1,512.00","1,514.75","1,510.49","0.03K","-0.13%"
"02/04/2020","1,505.50","1,512.00","1,514.00","1,510.74","0.03K","0.00%"
"02/03/2020","1,505.50","1,512.00","1,512.35","1,510.49","0.02K","0.00%"
"01/31/2020","1,505.50","1,512.20","1,514.00","1,509.59","0.04K","-0.17%"
"01/30/2020","1,508.00","1,512.00","1,514.15","1,509.59","0.10K","0.23%"
"01/29/2020","1,504.47","1,512.00","1,514.15","1,510.24","0.06K","-0.07%"
"01/28/2020","1,505.50","1,512.00","1,513.65","1,510.24","0.03K","0.00%"
"01/27/2020","1,505.50","1,512.00","1,513.50","1,510.24","0.04K","0.00%"
"01/24/2020","1,505.50","1,512.20","1,514.15","1,510.24","0.05K","-0.01%"
"01/23/2020","1,505.70","1,510.74","1,514.15","1,510.24","0.04K","0.00%"
"01/22/2020","1,505.70","1,512.20","1,514.30","1,510.39","0.04K","0.00%"
"01/21/2020","1,505.70","1,512.20","1,514.00","1,511.60","0.05K","0.00%"
"01/20/2020","1,505.70","1,512.00","1,514.00","1,512.00","0.02K","0.00%"
"01/17/2020","1,505.70","1,512.20","1,512.20","1,512.00","0.04K","0.00%"
"01/16/2020","1,505.70","1,512.20","1,514.00","1,510.74","0.04K","0.15%"
"01/15/2020","1,503.48","1,513.50","1,514.00","1,509.59","0.05K","-0.13%"
"01/14/2020","1,505.50","1,512.00","1,514.30","1,510.49","0.03K","0.00%"
"01/13/2020","1,505.50","1,512.00","1,514.00","1,511.75","0.56K","0.30%"
"01/10/2020","1,500.98","1,512.20","1,513.40","1,509.49","0.03K","-0.53%"
"01/09/2020","1,509.00","1,512.00","1,514.00","1,510.24","0.04K","0.23%"
"01/08/2020","1,505.50","1,512.00","1,513.65","1,510.24","0.05K","0.00%"
"01/07/2020","1,505.50","1,512.00","1,513.00","1,509.74","0.06K","0.00%"
"01/06/2020","1,505.50","1,512.00","1,513.50","1,509.74","0.09K","-0.17%"
"01/03/2020","1,508.00","1,512.00","1,517.88","1,510.74","0.05K","0.17%"
"01/02/2020","1,505.50","1,512.00","1,513.65","1,511.23","0.03K","0.00%"
"01/01/2020","1,505.50","1,512.00","1,512.00","1,512.00","","0.00%"
"12/31/2019","1,505.50","1,512.20","1,513.35","1,511.75","0.03K","-0.01%"
"12/30/2019","1,505.70","1,512.00","1,513.35","1,511.75","0.02K","0.01%"
"12/27/2019","1,505.50","1,512.20","1,513.35","1,511.75","0.03K","0.13%"
"12/26/2019","1,503.48","1,512.00","1,514.00","1,510.24","0.02K","-0.15%"
"12/25/2019","1,505.70","1,512.20","1,512.20","1,512.00","","0.00%"
"12/24/2019","1,505.70","1,512.00","1,513.65","1,510.24","0.03K","0.15%"
"12/23/2019","1,503.48","1,512.20","1,513.55","1,509.24","0.03K","-0.15%"
"12/20/2019","1,505.70","1,512.00","1,516.53","1,509.74","0.03K","0.01%"
"12/19/2019","1,505.50","1,512.00","1,513.50","1,510.74","0.03K","0.00%"
"12/18/2019","1,505.50","1,512.00","1,520.38","1,510.24","0.38K","0.00%"
"12/17/2019","1,505.50","1,512.00","1,519.38","1,509.74","0.03K","0.00%"
"12/16/2019","1,505.50","1,512.00","1,513.65","1,510.24","0.05K","0.13%"
"12/13/2019","1,503.48","1,511.04","1,514.00","1,510.24","0.05K","0.07%"
"12/12/2019","1,502.48","1,512.20","1,513.65","1,510.24","0.02K","-0.20%"
"12/11/2019","1,505.50","1,512.00","1,513.40","1,510.24","0.05K","0.00%"
"12/10/2019","1,505.50","1,512.20","1,513.50","1,510.74","0.03K","-0.23%"
"12/09/2019","1,509.00","1,512.00","1,514.00","1,511.75","0.04K","0.23%"
"12/06/2019","1,505.50","1,512.00","1,513.35","1,511.75","0.02K","0.00%"
"12/05/2019","1,505.50","1,512.20","1,513.50","1,507.50","0.03K","0.00%"
"12/04/2019","1,505.50","1,512.20","1,513.35","1,511.75","0.02K","-0.01%"
"12/03/2019","1,505.70","1,513.00","1,513.85","1,511.50","0.04K","0.01%"
"12/02/2019","1,505.50","1,512.00","1,513.35","1,511.75","0.01K","0.00%"
"11/29/2019","1,505.50","1,512.00","1,514.00","1,511.75","0.03K","-0.01%"
"11/28/2019","1,505.70","1,512.20","1,512.20","1,512.00","","0.00%"
"11/27/2019","1,505.70","1,512.00","1,513.35","1,511.75","0.02K","0.01%"
"11/26/2019","1,505.50","1,512.00","1,514.36","1,509.49","0.19K","0.00%"
"11/25/2019","1,505.50","1,512.20","1,515.18","1,509.36","0.04K","-0.01%"
"11/22/2019","1,505.70","1,512.20","1,515.03","1,511.23","0.02K","0.00%"
"11/21/2019","1,505.70","1,512.00","1,514.00","1,511.75","0.03K","0.01%"
"11/20/2019","1,505.50","1,512.20","1,514.05","1,508.68","0.05K","-0.01%"
"11/19/2019","1,505.70","1,512.00","1,514.26","1,509.09","0.05K","0.01%"
"11/18/2019","1,505.50","1,512.00","1,513.35","1,511.75","0.02K","0.30%"
"11/15/2019","1,500.98","1,512.05","1,513.93","1,508.99","0.04K","0.00%"
"11/14/2019","1,501.03","1,512.20","1,514.19","1,506.02","0.04K","-0.31%"
"11/13/2019","1,505.70","1,512.00","1,513.83","1,509.49","0.03K","0.00%"
"11/12/2019","1,505.70","1,512.20","1,513.35","1,511.25","0.03K","0.00%"
"11/11/2019","1,505.70","1,512.00","1,513.35","1,511.25","0.02K","0.01%"
"11/08/2019","1,505.50","1,512.00","1,513.35","1,511.25","0.03K","0.00%"
"11/07/2019","1,505.50","1,512.00","1,513.43","1,508.99","0.03K","0.00%"
"11/06/2019","1,505.50","1,512.00","1,513.71","1,508.99","0.17K","0.00%"
"11/05/2019","1,505.50","1,512.00","1,518.97","1,508.99","0.05K","0.00%"
"11/04/2019","1,505.50","1,512.00","1,513.26","1,508.99","0.03K","0.00%"
"11/01/2019","1,505.50","1,512.00","1,512.20","1,512.00","0.04K","0.00%"
"10/31/2019","1,505.50","1,512.00","1,513.06","1,509.49","0.03K","0.00%"
"10/30/2019","1,505.50","1,512.00","1,513.26","1,509.09","0.02K","0.00%"
"10/29/2019","1,505.50","1,511.50","1,513.26","1,508.43","3.31K","0.00%"
"10/28/2019","1,505.50","1,512.00","1,513.50","1,509.74","0.03K","0.00%"
"10/25/2019","1,505.50","1,512.00","1,513.65","1,509.74","0.05K","0.00%"
"10/24/2019","1,505.50","1,512.20","1,513.15","1,509.74","0.03K","-0.01%"
"10/23/2019","1,505.70","1,512.20","1,513.00","1,509.74","0.03K","0.00%"
"10/22/2019","1,505.70","1,512.20","1,513.10","1,509.24","0.03K","0.00%"
"10/21/2019","1,505.70","1,512.20","1,513.65","1,508.74","0.04K","0.00%"
"10/18/2019","1,505.70","1,510.24","1,513.00","1,507.24","0.04K","0.00%"
"10/17/2019","1,505.70","1,512.20","1,513.40","1,509.24","0.04K","0.00%"
"10/16/2019","1,505.70","1,510.14","1,513.40","1,509.74","0.04K","0.01%"
"10/15/2019","1,505.50","1,512.00","1,513.50","1,508.24","0.04K","0.00%"
"10/14/2019","1,505.50","1,512.20","1,512.20","1,512.00","0.03K","-0.01%"
"10/11/2019","1,505.70","1,512.00","1,513.05","1,507.49","0.04K","0.28%"
"10/10/2019","1,501.48","1,512.00","1,513.35","1,507.59","0.04K","-0.27%"
"10/09/2019","1,505.50","1,512.00","1,513.05","1,507.09","0.04K","0.00%"
"10/08/2019","1,505.50","1,512.00","1,512.50","1,507.74","0.04K","0.00%"
"10/07/2019","1,505.50","1,512.20","1,512.70","1,506.24","0.39K","0.13%"
"10/04/2019","1,503.48","1,512.00","1,513.15","1,506.74","0.04K","-0.13%"
"10/03/2019","1,505.50","1,512.00","1,513.00","1,507.74","0.03K","0.00%"
"10/02/2019","1,505.50","1,512.00","1,512.85","1,509.75","0.02K","0.00%"
"10/01/2019","1,505.50","1,512.00","1,513.35","1,509.75","0.04K","0.00%"
"09/30/2019","1,505.50","1,512.00","1,512.85","1,510.25","0.04K","0.00%"
"09/27/2019","1,505.50","1,512.20","1,512.85","1,509.75","0.03K","-0.01%"
"09/26/2019","1,505.70","1,512.20","1,512.40","1,505.74","0.04K","0.00%"
"09/25/2019","1,505.70","1,512.00","1,513.39","1,506.49","0.06K","0.01%"
"09/24/2019","1,505.50","1,512.00","1,512.55","1,506.24","0.03K","0.00%"
"09/23/2019","1,505.50","1,512.20","1,512.25","1,509.74","0.03K","-0.01%"
"09/20/2019","1,505.70","1,512.20","1,512.35","1,506.49","0.11K","0.00%"
"09/19/2019","1,505.70","1,511.70","1,512.50","1,506.59","0.03K","0.33%"
"09/18/2019","1,500.68","1,510.74","1,512.35","1,505.24","0.05K","-0.33%"
"09/17/2019","1,505.70","1,509.00","1,512.65","1,506.49","0.04K","0.00%"
"09/16/2019","1,505.70","1,512.20","1,512.35","1,506.49","0.02K","0.00%"
"09/13/2019","1,505.70","1,512.00","1,512.35","1,506.24","0.04K","0.01%"
"09/12/2019","1,505.50","1,512.20","1,512.20","1,507.50","0.03K","-0.01%"
"09/11/2019","1,505.70","1,512.20","1,512.25","1,506.49","0.03K","0.08%"
"09/10/2019","1,504.47","1,512.20","1,512.50","1,506.49","0.04K","-0.08%"
"09/09/2019","1,505.70","1,512.20","1,512.35","1,506.59","0.03K","0.00%"
"09/06/2019","1,505.70","1,512.20","1,512.20","1,508.50","0.03K","0.00%"
"09/05/2019","1,505.70","1,512.00","1,512.35","1,506.74","0.03K","0.01%"
"09/04/2019","1,505.50","1,512.00","1,512.25","1,506.49","0.05K","-0.01%"
"09/03/2019","1,505.70","1,512.20","1,512.20","1,508.50","0.02K","0.00%"
"09/02/2019","1,505.70","1,512.20","1,512.20","1,512.00","","0.05%"
"08/30/2019","1,505.00","1,512.00","1,512.20","1,508.50","0.02K","0.07%"
"08/29/2019","1,504.00","1,512.00","1,512.20","1,507.50","0.02K","0.00%"
"08/28/2019","1,504.00","1,512.20","1,512.20","1,507.50","0.12K","-0.10%"
"08/27/2019","1,505.50","1,512.20","1,512.20","1,508.50","0.02K","0.00%"
"08/26/2019","1,505.50","1,512.20","1,512.20","1,508.50","0.03K","-0.01%"
"08/23/2019","1,505.70","1,512.20","1,512.20","1,512.00","0.03K","0.00%"
"08/22/2019","1,505.70","1,512.20","1,512.20","1,512.00","0.01K","0.00%"
"08/21/2019","1,505.70","1,512.20","1,512.20","1,512.00","0.02K","0.01%"
"08/20/2019","1,505.50","1,512.00","1,512.20","1,512.00","0.02K","0.00%"
"08/19/2019","1,505.50","1,512.00","1,512.20","1,512.00","0.02K","0.00%"
"08/16/2019","1,505.50","1,512.00","1,512.20","1,512.00","0.03K","0.00%"
"08/15/2019","1,505.50","1,512.00","1,512.20","1,512.00","0.03K","0.00%"
"08/14/2019","1,505.50","1,511.70","1,512.20","1,511.70","0.04K","0.02%"
"08/13/2019","1,505.20","1,512.20","1,512.25","1,509.84","0.04K","-0.03%"
"08/12/2019","1,505.70","1,512.20","1,512.25","1,509.94","0.02K","0.00%"
"08/09/2019","1,505.70","1,512.00","1,513.00","1,506.59","0.03K","0.01%"
"08/08/2019","1,505.50","1,512.00","1,513.00","1,505.99","0.04K","0.30%"
"08/07/2019","1,500.98","1,512.00","1,513.00","1,506.49","0.04K","-0.30%"
"08/06/2019","1,505.50","1,512.20","1,513.00","1,506.59","0.04K","0.40%"
"08/05/2019","1,499.49","1,512.20","1,513.00","1,505.24","0.05K","-0.41%"
"08/02/2019","1,505.70","1,512.20","1,513.00","1,505.24","0.09K","0.21%"
"08/01/2019","1,502.48","1,512.20","1,513.00","1,506.49","0.04K","-0.21%"
"07/31/2019","1,505.70","1,512.20","1,512.43","1,505.99","0.08K","0.10%"
"07/30/2019","1,504.19","1,512.20","1,512.43","1,506.49","0.06K","0.28%"
"07/29/2019","1,499.98","1,512.20","1,512.43","1,505.99","0.03K","-0.38%"
"07/26/2019","1,505.70","1,512.20","1,512.50","1,505.24","0.03K","0.00%"
"07/25/2019","1,505.70","1,512.20","1,512.55","1,505.24","0.03K","0.00%"
"07/24/2019","1,505.70","1,512.20","1,512.43","1,506.09","0.03K","0.00%"
"07/23/2019","1,505.70","1,512.20","1,512.43","1,507.00","0.02K","0.00%"
"07/22/2019","1,505.70","1,512.20","1,512.43","1,506.24","0.03K","0.01%"
"07/19/2019","1,505.50","1,512.20","1,512.43","1,506.09","0.04K","-0.01%"
"07/18/2019","1,505.70","1,512.20","1,512.43","1,506.74","0.04K","0.08%"
"07/17/2019","1,504.49","1,512.20","1,512.43","1,507.49","0.12K","-0.08%"
"07/16/2019","1,505.70","1,512.20","1,512.43","1,507.00","0.20K","0.00%"
"07/15/2019","1,505.70","1,512.20","1,512.43","1,507.00","2.49K","0.00%"
"07/12/2019","1,505.70","1,512.20","1,512.20","1,507.50","0.03K","0.00%"
"07/11/2019","1,505.70","1,512.20","1,512.20","1,507.00","0.03K","0.00%"
"07/10/2019","1,505.70","1,512.00","1,512.20","1,507.00","0.03K","0.01%"
"07/09/2019","1,505.50","1,512.20","1,512.20","1,507.00","0.02K","0.00%"
"07/08/2019","1,505.50","1,512.20","1,512.43","1,506.75","2.40K","-0.01%"
"07/05/2019","1,505.70","1,512.00","1,512.20","1,507.00","0.03K","0.01%"
"07/04/2019","1,505.50","1,512.00","1,512.20","1,512.00","0.01K","-0.01%"
"07/03/2019","1,505.70","1,512.00","1,512.20","1,507.00","0.31K","0.01%"
"07/02/2019","1,505.50","1,512.20","1,512.50","1,506.74","0.04K","0.19%"
"07/01/2019","1,502.69","1,512.20","1,513.00","1,506.74","0.03K","-0.20%"
"06/28/2019","1,505.70","1,512.20","1,512.20","1,507.00","0.02K","0.00%"
"06/27/2019","1,505.70","1,512.00","1,512.20","1,507.00","0.02K","0.01%"
"06/26/2019","1,505.50","1,512.20","1,512.28","1,507.24","0.03K","0.07%"
"06/25/2019","1,504.49","1,512.20","1,512.28","1,507.59","0.04K","0.32%"
"06/24/2019","1,499.69","1,512.20","1,512.93","1,505.34","0.04K","-0.40%"
"06/21/2019","1,505.70","1,512.20","1,512.35","1,507.59","0.03K","0.00%"
"06/20/2019","1,505.70","1,512.20","1,512.28","1,507.59","0.05K","0.00%"
"06/19/2019","1,505.70","1,512.00","1,512.28","1,507.59","0.03K","0.01%"
"06/18/2019","1,505.50","1,512.00","1,512.28","1,507.09","0.02K","0.10%"
"06/17/2019","1,503.99","1,512.00","1,512.31","1,507.49","0.02K","0.00%"
"06/14/2019","1,503.99","1,512.20","1,512.20","1,507.49","0.04K","-0.11%"
"06/13/2019","1,505.70","1,512.00","1,514.09","1,506.74","0.04K","0.00%"
"06/12/2019","1,505.70","1,512.20","1,512.28","1,507.59","0.03K","0.15%"
"06/11/2019","1,503.49","1,512.00","1,513.33","1,507.24","0.43K","-0.13%"
"06/10/2019","1,505.50","1,512.00","1,514.51","1,507.24","0.11K","0.00%"
"06/07/2019","1,505.50","1,512.00","1,514.51","1,507.49","0.32K","0.00%"
"06/06/2019","1,505.50","1,512.00","1,514.55","1,505.99","0.03K","0.30%"
"06/05/2019","1,500.99","1,512.20","1,514.37","1,505.99","0.04K","-0.31%"
"06/04/2019","1,505.70","1,512.20","1,513.96","1,507.59","0.03K","0.10%"
"06/03/2019","1,504.19","1,512.20","1,512.28","1,507.49","0.04K","0.00%"
"05/31/2019","1,504.19","1,512.20","1,514.01","1,511.24","0.03K","-0.10%"
"05/30/2019","1,505.70","1,512.20","1,514.57","1,507.49","0.04K","0.00%"
"05/29/2019","1,505.70","1,512.20","1,512.20","1,508.00","0.03K","0.00%"
"05/28/2019","1,505.70","1,512.20","1,513.50","1,507.49","0.15K","0.00%"
"05/27/2019","1,505.70","1,512.00","1,512.20","1,512.00","0.02K","0.21%"
"05/24/2019","1,502.49","1,512.20","1,514.32","1,506.74","0.03K","0.08%"
"05/23/2019","1,501.24","1,512.20","1,514.49","1,506.12","0.08K","-0.30%"
"05/22/2019","1,505.70","1,512.20","1,512.57","1,506.78","0.03K","0.00%"
"05/21/2019","1,505.70","1,511.60","1,513.98","1,511.05","0.04K","0.04%"
"05/20/2019","1,505.10","1,512.20","1,513.54","1,506.74","0.03K","0.14%"
"05/17/2019","1,503.00","1,512.20","1,514.32","1,507.00","0.03K","-0.18%"
"05/16/2019","1,505.70","1,512.20","1,514.66","1,507.49","0.05K","0.00%"
"05/15/2019","1,505.70","1,512.20","1,512.20","1,507.24","0.08K","0.16%"
"05/14/2019","1,503.30","1,512.20","1,513.02","1,506.50","0.05K","-0.16%"
"05/13/2019","1,505.70","1,508.00","1,513.02","1,507.24","0.03K","0.00%"
"05/10/2019","1,505.70","1,512.00","1,512.28","1,506.49","0.04K","0.05%"
"05/09/2019","1,505.00","1,511.50","1,512.15","1,506.99","0.04K","0.00%"
"05/08/2019","1,505.00","1,513.50","1,513.50","1,506.99","0.03K","-0.13%"
"05/07/2019","1,507.00","1,511.50","1,515.51","1,507.75","0.04K","0.13%"
"05/06/2019","1,505.00","1,507.50","1,511.75","1,505.25","0.03K","0.27%"
"05/03/2019","1,501.00","1,507.50","1,512.35","1,505.00","0.02K","0.00%"
"05/02/2019","1,501.00","1,507.50","1,512.35","1,505.00","0.05K","0.00%"
"05/01/2019","1,501.00","1,508.00","1,514.70","1,503.50","0.04K","-0.20%"
"04/30/2019","1,503.99","1,510.18","1,513.48","1,506.50","0.05K","-0.10%"
"04/29/2019","1,505.50","1,508.00","1,513.06","1,506.50","0.04K","0.00%"
"04/26/2019","1,505.50","1,508.00","1,513.06","1,506.25","0.05K","-0.10%"
"04/25/2019","1,506.99","1,508.00","1,513.77","1,507.24","0.07K","0.10%"
"04/24/2019","1,505.50","1,510.83","1,513.88","1,506.30","0.04K","0.00%"
"04/23/2019","1,505.50","1,508.00","1,514.46","1,507.24","0.04K","0.15%"
"04/22/2019","1,503.25","1,508.00","1,513.50","1,506.50","0.04K","-0.15%"
"04/19/2019","1,505.50","1,508.20","1,510.44","1,506.99","0.03K","-0.01%"
"04/18/2019","1,505.70","1,508.20","1,510.52","1,506.34","0.04K","0.05%"
"04/17/2019","1,505.00","1,508.20","1,508.35","1,507.75","0.12K","0.20%"
"04/16/2019","1,502.04","1,506.98","1,511.31","1,506.27","0.04K","-0.04%"
"04/15/2019","1,502.69","1,508.00","1,508.76","1,506.59","0.03K","-0.19%"
"04/12/2019","1,505.50","1,508.00","1,512.41","1,507.25","0.03K","0.15%"
"04/11/2019","1,503.25","1,508.00","1,513.73","1,506.44","0.03K","-0.06%"
"04/10/2019","1,504.19","1,508.20","1,511.86","1,507.34","0.06K","0.01%"
"04/09/2019","1,503.98","1,508.20","1,513.49","1,505.59","0.06K","-0.11%"
"04/08/2019","1,505.70","1,508.00","1,513.92","1,507.00","0.05K","0.07%"
"04/05/2019","1,504.59","1,508.00","1,513.07","1,507.00","0.06K","0.04%"
"04/04/2019","1,503.99","1,508.00","1,512.83","1,506.99","0.04K","0.00%"
"04/03/2019","1,503.99","1,508.00","1,513.80","1,506.99","0.05K","-0.10%"
"04/02/2019","1,505.50","1,508.00","1,511.16","1,506.74","0.04K","0.10%"
"04/01/2019","1,503.99","1,508.00","1,513.85","1,506.99","0.04K","-0.10%"
"03/29/2019","1,505.50","1,508.00","1,513.48","1,506.24","0.03K","0.10%"
"03/28/2019","1,503.99","1,508.20","1,514.26","1,506.99","0.04K","-0.11%"
"03/27/2019","1,505.70","1,508.20","1,514.61","1,506.99","0.02K","0.00%"
"03/26/2019","1,505.70","1,508.20","1,508.35","1,507.00","0.03K","0.00%"
"03/25/2019","1,505.70","1,508.20","1,513.81","1,506.34","0.04K","0.00%"
"03/22/2019","1,505.70","1,508.00","1,514.06","1,506.24","0.05K","0.11%"
"03/21/2019","1,504.00","1,508.20","1,514.72","1,506.74","0.06K","-0.01%"
"03/20/2019","1,504.19","1,508.20","1,515.70","1,506.34","0.06K","-0.10%"
"03/19/2019","1,505.70","1,508.00","1,512.63","1,506.63","0.04K","0.01%"
"03/18/2019","1,505.50","1,508.00","1,514.09","1,506.34","0.03K","0.00%"
"03/15/2019","1,505.50","1,508.20","1,508.35","1,507.00","0.04K","-0.01%"
"03/14/2019","1,505.70","1,508.00","1,514.06","1,506.69","0.04K","0.10%"
"03/13/2019","1,504.19","1,508.00","1,514.86","1,506.99","0.25K","0.01%"
"03/12/2019","1,503.99","1,508.20","1,513.82","1,506.98","0.12K","-0.11%"
"03/11/2019","1,505.70","1,508.00","1,511.98","1,507.24","0.03K","0.01%"
"03/08/2019","1,505.50","1,508.20","1,513.75","1,506.49","0.04K","-0.01%"
"03/07/2019","1,505.70","1,508.20","1,514.46","1,506.59","0.16K","0.10%"
"03/06/2019","1,504.19","1,507.50","1,512.50","1,506.59","0.05K","-0.10%"
"03/05/2019","1,505.70","1,508.20","1,512.46","1,507.24","0.03K","0.00%"
"03/04/2019","1,505.70","1,508.20","1,508.35","1,507.25","0.03K","0.11%"
"03/01/2019","1,504.00","1,508.20","1,514.21","1,506.59","0.05K","-0.11%"
"02/28/2019","1,505.70","1,508.20","1,512.82","1,507.34","0.05K","0.00%"
"02/27/2019","1,505.70","1,508.20","1,514.42","1,506.41","0.04K","0.11%"
"02/26/2019","1,504.00","1,508.20","1,513.43","1,506.59","0.06K","-0.11%"
"02/25/2019","1,505.70","1,508.20","1,514.21","1,506.59","0.04K","0.00%"
"02/22/2019","1,505.70","1,508.20","1,512.82","1,506.50","0.03K","0.10%"
"02/21/2019","1,504.19","1,508.20","1,514.81","1,506.99","0.05K","-0.10%"
"02/20/2019","1,505.70","1,508.00","1,514.21","1,507.34","0.02K","0.00%"
"02/19/2019","1,505.70","1,508.20","1,508.50","1,508.00","0.14K","0.00%"
"02/18/2019","1,505.70","1,508.00","1,508.20","1,508.00","0.02K","0.01%"
"02/15/2019","1,505.50","1,508.20","1,514.21","1,507.34","0.03K","-0.01%"
"02/14/2019","1,505.70","1,508.00","1,514.21","1,507.34","0.05K","0.01%"
"02/13/2019","1,505.50","1,508.20","1,513.50","1,507.37","0.19K","-0.01%"
"02/12/2019","1,505.70","1,508.00","1,514.11","1,506.49","0.05K","0.21%"
"02/11/2019","1,502.49","1,508.00","1,513.43","1,506.49","0.04K","-0.10%"
"02/08/2019","1,504.00","1,508.00","1,512.09","1,506.49","0.05K","0.00%"
"02/07/2019","1,503.99","1,508.00","1,513.97","1,507.24","0.04K","0.00%"
"02/06/2019","1,503.99","1,508.00","1,516.07","1,506.99","0.04K","-0.10%"
"02/05/2019","1,505.50","1,508.00","1,513.12","1,507.24","0.02K","0.10%"
"02/04/2019","1,503.99","1,508.20","1,514.27","1,506.24","0.03K","-0.11%"
"02/01/2019","1,505.70","1,508.00","1,511.17","1,507.34","0.05K","0.18%"
"01/31/2019","1,502.99","1,508.00","1,512.06","1,506.59","0.04K","-0.18%"
"01/30/2019","1,505.70","1,508.00","1,511.57","1,507.34","0.05K","0.01%"
"01/29/2019","1,505.50","1,509.00","1,511.80","1,507.75","1.98K","0.00%"
"01/28/2019","1,505.50","1,508.00","1,513.35","1,507.75","0.03K","0.00%"
"01/25/2019","1,505.50","1,508.30","1,510.89","1,506.24","0.04K","0.10%"
"01/24/2019","1,503.99","1,508.20","1,513.32","1,507.24","0.03K","0.10%"
"01/23/2019","1,502.55","1,508.20","1,512.36","1,506.28","0.06K","-0.21%"
"01/22/2019","1,505.70","1,508.00","1,513.96","1,506.74","0.03K","0.01%"